# Blender 5.1.2
# www.blender.org
mtllib suzane.mtl
o Suzanne
v 0.439019 0.159939 0.756944
v -0.439019 0.159939 0.756944
v 0.483073 0.112847 0.684896
v -0.483073 0.112847 0.684896
v 0.527344 0.072917 0.582031
v -0.527344 0.072917 0.582031
v 0.351563 0.002604 0.615885
v -0.351563 0.002604 0.615885
v 0.351780 0.059028 0.711155
v -0.351780 0.059028 0.711155
v 0.352648 0.125868 0.774306
v -0.352648 0.125868 0.774306
v 0.269314 0.159939 0.788846
v -0.269314 0.159939 0.788846
v 0.221137 0.112847 0.731988
v -0.221137 0.112847 0.731988
v 0.175781 0.072917 0.644531
v -0.175781 0.072917 0.644531
v 0.104167 0.243490 0.653646
v -0.104167 0.243490 0.653646
v 0.167101 0.242622 0.736545
v -0.167101 0.242622 0.736545
v 0.235243 0.243273 0.791667
v -0.235243 0.243273 0.791667
v 0.269314 0.329861 0.788846
v -0.269314 0.329861 0.788845
v 0.221137 0.373698 0.731988
v -0.221137 0.373698 0.731988
v 0.175781 0.417969 0.644531
v -0.175781 0.417969 0.644531
v 0.351563 0.489583 0.615885
v -0.351563 0.489583 0.615885
v 0.351780 0.427951 0.711155
v -0.351780 0.427951 0.711155
v 0.352648 0.365017 0.774306
v -0.352648 0.365017 0.774306
v 0.439019 0.329861 0.756944
v -0.439019 0.329861 0.756945
v 0.483073 0.373698 0.684896
v -0.483073 0.373698 0.684896
v 0.527344 0.417969 0.582031
v -0.527344 0.417969 0.582031
v 0.598958 0.243490 0.567708
v -0.598958 0.243490 0.567708
v 0.537326 0.242622 0.672743
v -0.537326 0.242622 0.672743
v 0.473524 0.243273 0.749132
v -0.473524 0.243273 0.749132
v 0.449797 0.243345 0.780237
v -0.449797 0.243345 0.780237
v 0.422815 0.314381 0.786820
v -0.422815 0.314381 0.786820
v 0.352720 0.344039 0.802879
v -0.352720 0.344039 0.802879
v 0.285012 0.314381 0.815104
v -0.285012 0.314381 0.815104
v 0.256510 0.243345 0.817419
v -0.256510 0.243345 0.817419
v 0.285012 0.175637 0.815104
v -0.285012 0.175637 0.815104
v 0.352264 0.243239 0.818309
v -0.352264 0.243239 0.818309
v 0.352720 0.147135 0.802879
v -0.352720 0.147135 0.802879
v 0.422815 0.175637 0.786820
v -0.422815 0.175637 0.786820
v -0.000000 0.434028 0.735243
v 0.000000 0.353456 0.803030
v 0.000000 -0.654080 0.736979
v 0.000000 -0.301649 0.778646
v 0.000000 -0.171441 0.789497
v -0.000000 -0.762153 0.713108
v 0.000000 0.448061 0.623264
v 0.000000 0.566604 0.532907
v -0.000000 0.839844 -0.474392
v -0.000000 0.506076 -0.745660
v -0.000000 0.100260 -0.753906
v -0.000000 -0.342448 -0.289931
v 0.235026 -0.174045 0.580946
v -0.235026 -0.174045 0.580946
v 0.281033 -0.444878 0.564236
v -0.281033 -0.444879 0.564236
v 0.315104 -0.654948 0.555773
v -0.315104 -0.654948 0.555773
v 0.329861 -0.832465 0.532552
v -0.329861 -0.832465 0.532552
v 0.293620 -0.924479 0.526693
v -0.293620 -0.924479 0.526693
v 0.168403 -0.957465 0.547092
v -0.168403 -0.957465 0.547092
v -0.000000 -0.970486 0.562066
v 0.423177 -0.109375 0.550564
v -0.423177 -0.109375 0.550564
v 0.622179 -0.004123 0.522352
v -0.622179 -0.004123 0.522352
v 0.777127 0.173394 0.492188
v -0.777127 0.173394 0.492188
v 0.803603 0.382378 0.567925
v -0.803603 0.382378 0.567925
v 0.686415 0.478516 0.624132
v -0.686415 0.478516 0.624132
v 0.491753 0.588759 0.680339
v -0.491753 0.588759 0.680339
v 0.323134 0.697266 0.724175
v -0.323134 0.697266 0.724175
v 0.180122 0.662326 0.745009
v -0.180122 0.662326 0.745009
v 0.079644 0.501953 0.741754
v -0.079644 0.501953 0.741754
v 0.167535 0.406250 0.783203
v -0.167535 0.406250 0.783203
v 0.121962 0.311198 0.776476
v -0.121962 0.311198 0.776476
v 0.215929 0.065972 0.749349
v -0.215929 0.065972 0.749349
v 0.370009 0.030599 0.708333
v -0.370009 0.030599 0.708333
v 0.509115 0.079210 0.672960
v -0.509115 0.079210 0.672960
v 0.615885 0.190321 0.651910
v -0.615885 0.190321 0.651910
v 0.639540 0.300564 0.658420
v -0.639540 0.300564 0.658420
v 0.585938 0.378038 0.685981
v -0.585938 0.378038 0.685981
v 0.442491 0.445096 0.733941
v -0.442491 0.445096 0.733941
v 0.245443 0.474826 0.775174
v -0.245443 0.474826 0.775174
v 0.000000 -0.740885 0.732205
v 0.113750 -0.745313 0.722500
v -0.113750 -0.745313 0.722500
v 0.123481 -0.835504 0.699436
v -0.123481 -0.835503 0.699436
v 0.073351 -0.882596 0.685330
v -0.073351 -0.882596 0.685330
v -0.000000 -0.894097 0.680990
v -0.000000 -0.167411 0.765625
v -0.000000 -0.131629 0.751421
v 0.094401 -0.148003 0.756510
v -0.094401 -0.148003 0.756510
v 0.123481 -0.224175 0.751519
v -0.123481 -0.224175 0.751519
v 0.091250 -0.305000 0.744844
v -0.091250 -0.305000 0.744844
v 0.392361 -0.041884 0.665365
v -0.392361 -0.041884 0.665365
v 0.587240 0.050130 0.618490
v -0.587240 0.050130 0.618490
v 0.708333 0.196181 0.599392
v -0.708333 0.196181 0.599392
v 0.730469 0.349175 0.643446
v -0.730469 0.349175 0.643446
v 0.649740 0.430990 0.701172
v -0.649740 0.430990 0.701172
v 0.462457 0.533854 0.760851
v -0.462457 0.533854 0.760851
v 0.319010 0.613064 0.799913
v -0.319010 0.613064 0.799913
v 0.205729 0.584635 0.816840
v -0.205729 0.584635 0.816840
v 0.107639 0.452691 0.814019
v -0.107639 0.452691 0.814019
v 0.153291 -0.093868 0.756155
v -0.153291 -0.093868 0.756155
v 0.207465 -0.463976 0.690321
v -0.207465 -0.463976 0.690321
v 0.240234 -0.675998 0.675130
v -0.240234 -0.675998 0.675130
v 0.250217 -0.810981 0.652995
v -0.250217 -0.810981 0.652995
v 0.221354 -0.894748 0.632379
v -0.221354 -0.894748 0.632378
v 0.138238 -0.927083 0.631076
v -0.138238 -0.927083 0.631077
v 0.000000 -0.937934 0.635417
v 0.000000 0.039299 0.745028
v -0.000000 0.209635 0.764757
v 0.330512 0.486545 0.759766
v -0.330512 0.486545 0.759766
v 0.145616 0.131076 0.753906
v -0.145616 0.131076 0.753906
v 0.120443 0.214627 0.763238
v -0.120443 0.214627 0.763238
v 0.113932 -0.657335 0.728733
v -0.113932 -0.657335 0.728733
v 0.092665 -0.461589 0.739583
v -0.092665 -0.461589 0.739583
v -0.000000 -0.463108 0.746094
v 0.000000 -0.335070 0.750000
v 0.081163 -0.271918 0.781250
v -0.081163 -0.271918 0.781250
v 0.117622 -0.219618 0.789280
v -0.117622 -0.219618 0.789280
v 0.097222 -0.152561 0.782335
v -0.097222 -0.152561 0.782335
v 0.040148 -0.142795 0.782335
v -0.040148 -0.142795 0.782335
v 0.000000 -0.201231 0.820313
v 0.048828 -0.159180 0.808594
v -0.048828 -0.159180 0.808594
v 0.086589 -0.166341 0.808594
v -0.086589 -0.166341 0.808594
v 0.089410 -0.217014 0.816623
v -0.089410 -0.217014 0.816623
v 0.068685 -0.256510 0.804362
v -0.068685 -0.256510 0.804362
v -0.000000 -0.269965 0.804688
v 0.242405 -0.316406 0.562066
v -0.242405 -0.316406 0.562066
v 0.164714 -0.232639 0.702474
v -0.164714 -0.232639 0.702474
v 0.180556 -0.319879 0.690972
v -0.180556 -0.319879 0.690972
v 0.217231 -0.242839 0.569879
v -0.217231 -0.242839 0.569879
v -0.000000 -0.872396 0.678819
v 0.049262 -0.860894 0.682726
v -0.049262 -0.860894 0.682726
v 0.089410 -0.815538 0.699002
v -0.089410 -0.815538 0.699002
v 0.080512 -0.758898 0.713325
v -0.080512 -0.758898 0.713325
v 0.000000 -0.783854 0.664931
v 0.072483 -0.777995 0.665509
v -0.072483 -0.777995 0.665509
v 0.083333 -0.808919 0.660699
v -0.083333 -0.808919 0.660699
v 0.051649 -0.835069 0.647931
v -0.051649 -0.835069 0.647931
v -0.000000 -0.845052 0.646267
v 0.172743 0.221571 0.771484
v -0.172743 0.221571 0.771484
v 0.189887 0.158854 0.767578
v -0.189887 0.158854 0.767578
v 0.338542 0.427300 0.757595
v -0.338542 0.427300 0.757596
v 0.270833 0.419271 0.768012
v -0.270833 0.419271 0.768012
v 0.430990 0.400174 0.747179
v -0.430990 0.400174 0.747179
v 0.544488 0.350694 0.698134
v -0.544488 0.350694 0.698134
v 0.583984 0.284288 0.679036
v -0.583984 0.284288 0.679036
v 0.564887 0.195530 0.679905
v -0.564887 0.195530 0.679905
v 0.476997 0.107639 0.706597
v -0.476997 0.107639 0.706597
v 0.366971 0.073568 0.735243
v -0.366970 0.073568 0.735243
v 0.243707 0.108724 0.763672
v -0.243707 0.108724 0.763672
v 0.178168 0.298394 0.774523
v -0.178168 0.298394 0.774523
v 0.212023 0.373264 0.774740
v -0.212023 0.373264 0.774740
v 0.235677 0.355469 0.759115
v -0.235677 0.355469 0.759115
v 0.201823 0.295573 0.756511
v -0.201823 0.295573 0.756510
v 0.257813 0.126302 0.751302
v -0.257813 0.126302 0.751302
v 0.367188 0.097656 0.727865
v -0.367188 0.097656 0.727865
v 0.460938 0.127604 0.701823
v -0.460938 0.127604 0.701823
v 0.533854 0.207031 0.677083
v -0.533854 0.207031 0.677083
v 0.549479 0.278646 0.673177
v -0.549479 0.278646 0.673177
v 0.515625 0.335938 0.690104
v -0.515625 0.335938 0.690104
v 0.420573 0.384115 0.738281
v -0.420573 0.384115 0.738281
v 0.282552 0.393229 0.761719
v -0.282552 0.393229 0.761719
v 0.339844 0.402344 0.752604
v -0.339844 0.402344 0.752604
v 0.208333 0.173177 0.751302
v -0.208333 0.173177 0.751302
v 0.196615 0.229167 0.751302
v -0.196615 0.229167 0.751302
v 0.133854 0.502240 0.614531
v -0.133854 0.502240 0.614531
v 0.209635 0.635417 0.643229
v -0.209635 0.635417 0.643229
v 0.324219 0.661458 0.625977
v -0.324219 0.661458 0.625977
v 0.445625 0.554063 0.558906
v -0.445625 0.554063 0.558906
v 0.664280 0.466797 0.489149
v -0.664280 0.466797 0.489149
v 0.775825 0.378689 0.443576
v -0.775825 0.378689 0.443576
v 0.767795 0.181424 0.362196
v -0.767795 0.181424 0.362196
v 0.623915 0.000217 0.378255
v -0.623915 0.000217 0.378255
v 0.408958 -0.118125 0.440990
v -0.408958 -0.118125 0.440990
v -0.000000 0.842014 0.255208
v -0.000000 0.939236 -0.087240
v 0.000000 -0.168837 -0.601129
v -0.000000 -0.428385 0.111545
v 0.000000 -0.938802 0.455729
v 0.000000 -0.780382 0.365451
v 0.000000 -0.581597 0.326389
v 0.000000 -0.473524 0.267795
v 0.803385 0.224826 0.131727
v -0.803385 0.224826 0.131727
v 0.825469 0.292500 -0.050000
v -0.825469 0.292500 -0.050000
v 0.757500 0.290469 -0.409063
v -0.757500 0.290469 -0.409063
v 0.392361 0.442274 -0.654297
v -0.392361 0.442274 -0.654297
v 0.685938 -0.025000 0.074063
v -0.685938 -0.025000 0.074063
v 0.625313 -0.102500 -0.170000
v -0.625313 -0.102500 -0.170000
v 0.652561 0.011285 -0.391276
v -0.652561 0.011285 -0.391276
v 0.320457 0.085503 -0.660735
v -0.320457 0.085503 -0.660735
v 0.237196 -0.391493 0.409505
v -0.237196 -0.391493 0.409505
v 0.156250 -0.430556 0.286024
v -0.156250 -0.430556 0.286024
v 0.276042 -0.743056 0.410156
v -0.276042 -0.743056 0.410156
v 0.250000 -0.546875 0.412543
v -0.250000 -0.546875 0.412543
v 0.281901 -0.885417 0.433919
v -0.281901 -0.885417 0.433919
v 0.142795 -0.752387 0.376085
v -0.142795 -0.752387 0.376085
v 0.133464 -0.554036 0.347439
v -0.133464 -0.554036 0.347439
v 0.162109 -0.917752 0.443142
v -0.162109 -0.917752 0.443142
v 0.243854 -0.286406 0.396198
v -0.243854 -0.286406 0.396198
v 0.247251 -0.212457 0.473814
v -0.247251 -0.212457 0.473814
v 0.257921 -0.172201 0.502713
v -0.257921 -0.172201 0.502713
v 0.212448 -0.360469 0.150104
v -0.212448 -0.360469 0.150104
v 0.266059 -0.285373 -0.246745
v -0.266059 -0.285373 -0.246745
v 0.299624 -0.128472 -0.533131
v -0.299624 -0.128472 -0.533131
v 0.409071 0.785590 -0.413845
v -0.409071 0.785590 -0.413845
v 0.408854 0.885200 -0.096137
v -0.408854 0.885200 -0.096137
v 0.409505 0.794488 0.198351
v -0.409505 0.794488 0.198351
v 0.419054 0.572483 0.413411
v -0.419054 0.572483 0.413411
v 0.746962 0.410156 0.276042
v -0.746962 0.410156 0.276042
v 0.630208 0.499132 0.309028
v -0.630208 0.499132 0.309028
v 0.632813 0.672092 0.089844
v -0.632813 0.672092 0.089844
v 0.771918 0.526476 0.078993
v -0.771918 0.526476 0.078993
v 0.774523 0.571181 -0.146701
v -0.774523 0.571181 -0.146701
v 0.635417 0.737196 -0.161675
v -0.635417 0.737196 -0.161675
v 0.632378 0.640625 -0.404080
v -0.632379 0.640625 -0.404080
v 0.753906 0.521159 -0.342448
v -0.753906 0.521159 -0.342448
v 0.598307 0.342448 -0.548394
v -0.598307 0.342448 -0.548394
v 0.481823 0.019062 -0.510885
v -0.481823 0.019063 -0.510885
v 0.826719 0.356875 -0.206250
v -0.826719 0.356875 -0.206250
v 0.405260 -0.185469 0.161979
v -0.405260 -0.185469 0.161979
v 0.442491 -0.168403 -0.206163
v -0.442491 -0.168403 -0.206163
v 0.900174 0.391493 -0.267795
v -0.900174 0.391493 -0.267795
v 0.800130 -0.113715 -0.200304
v -0.800130 -0.113715 -0.200304
v 1.035156 -0.070313 -0.334852
v -1.035156 -0.070313 -0.334852
v 1.246094 0.076172 -0.425781
v -1.246094 0.076172 -0.425781
v 1.310547 0.298828 -0.434896
v -1.310547 0.298828 -0.434896
v 1.213108 0.454861 -0.419922
v -1.213108 0.454861 -0.419922
v 1.034722 0.453776 -0.340495
v -1.034722 0.453776 -0.340495
v 1.031033 0.407552 -0.309245
v -1.031033 0.407552 -0.309245
v 1.177300 0.407552 -0.389106
v -1.177300 0.407552 -0.389106
v 1.251736 0.277344 -0.413629
v -1.251736 0.277344 -0.413628
v 1.197266 0.092014 -0.400174
v -1.197266 0.092014 -0.400174
v 1.030382 -0.028212 -0.306207
v -1.030382 -0.028212 -0.306207
v 0.843316 -0.063151 -0.180773
v -0.843316 -0.063151 -0.180773
v 0.924696 0.355469 -0.242622
v -0.924696 0.355469 -0.242622
v 0.946398 0.307726 -0.294705
v -0.946398 0.307726 -0.294705
v 0.888455 -0.023872 -0.243056
v -0.888455 -0.023872 -0.243056
v 1.037543 0.005642 -0.352648
v -1.037544 0.005642 -0.352648
v 1.177301 0.101345 -0.432292
v -1.177300 0.101345 -0.432292
v 1.224392 0.246745 -0.444878
v -1.224393 0.246745 -0.444878
v 1.162760 0.347873 -0.425564
v -1.162760 0.347873 -0.425564
v 1.036458 0.348741 -0.358507
v -1.036458 0.348741 -0.358507
v 0.854167 0.287760 -0.217014
v -0.854167 0.287760 -0.217014
v 0.826389 0.173611 -0.269314
v -0.826389 0.173611 -0.269314
v 0.777778 0.098090 -0.269965
v -0.777778 0.098090 -0.269965
v 0.809896 0.069661 -0.281576
v -0.809896 0.069661 -0.281576
v 0.817491 0.024523 -0.268880
v -0.817491 0.024523 -0.268880
v 0.814236 -0.013021 -0.255208
v -0.814236 -0.013021 -0.255208
v 0.742043 0.040943 -0.081453
v -0.742043 0.040943 -0.081453
v 0.732865 -0.029271 -0.165833
v -0.732865 -0.029271 -0.165833
v 0.747865 0.054010 -0.193958
v -0.747864 0.054010 -0.193958
v 0.804905 0.199870 -0.196181
v -0.804905 0.199870 -0.196181
v 0.884115 0.247179 -0.269965
v -0.884115 0.247179 -0.269965
v 0.903646 0.224175 -0.319878
v -0.903646 0.224175 -0.319878
v 0.840169 -0.006185 -0.297526
v -0.840169 -0.006185 -0.297526
v 0.853299 0.027127 -0.312934
v -0.853299 0.027127 -0.312934
v 0.831814 0.078125 -0.313802
v -0.831814 0.078125 -0.313802
v 0.798177 0.107747 -0.308919
v -0.798177 0.107747 -0.308919
v 0.846354 0.160373 -0.314019
v -0.846354 0.160373 -0.314019
v 1.051722 0.318432 -0.401910
v -1.051722 0.318432 -0.401910
v 1.158059 0.317564 -0.453125
v -1.158059 0.317564 -0.453125
v 1.210938 0.231988 -0.465278
v -1.210938 0.231988 -0.465278
v 1.165148 0.112630 -0.452474
v -1.165148 0.112630 -0.452474
v 1.037326 0.030599 -0.390625
v -1.037326 0.030599 -0.390625
v 0.904080 -0.000868 -0.298177
v -0.904080 -0.000868 -0.298177
v 0.965929 0.279514 -0.346137
v -0.965929 0.279514 -0.346137
v 0.889974 0.115451 -0.330295
v -0.889974 0.115451 -0.330295
v 0.920790 0.060330 -0.330946
v -0.920790 0.060330 -0.330946
v 1.000000 0.113932 -0.369358
v -1.000000 0.113932 -0.369358
v 0.954210 0.174262 -0.349175
v -0.954210 0.174262 -0.349175
v 1.014106 0.231554 -0.371311
v -1.014106 0.231554 -0.371311
v 1.071398 0.175347 -0.395833
v -1.071398 0.175347 -0.395833
v 1.124674 0.223958 -0.413411
v -1.124674 0.223958 -0.413411
v 1.087529 0.274378 -0.404297
v -1.087529 0.274378 -0.404297
v 1.035807 0.355903 -0.450087
v -1.035807 0.355903 -0.450087
v 1.235388 0.379774 -0.507017
v -1.235388 0.379774 -0.507017
v 1.324436 0.286784 -0.494900
v -1.324436 0.286784 -0.494900
v 1.263166 0.131727 -0.503762
v -1.263166 0.131727 -0.503762
v 1.040148 0.012587 -0.445747
v -1.040148 0.012587 -0.445747
v 0.814019 -0.025825 -0.343967
v -0.814019 -0.025825 -0.343967
v 0.866103 0.299262 -0.375000
v -0.866102 0.299262 -0.375000
v 0.501356 0.242866 0.716797
v 0.464654 0.197862 0.751248
v 0.458035 0.139079 0.726617
v 0.523058 0.172363 0.676053
v -0.523058 0.172363 0.676053
v -0.458035 0.139079 0.726617
v -0.464654 0.197862 0.751248
v -0.501356 0.242866 0.716797
v 0.569770 0.242893 0.621853
v 0.506185 0.091092 0.635417
v 0.580241 0.150879 0.571452
v -0.580241 0.150879 0.571452
v -0.506185 0.091092 0.635417
v -0.569770 0.242893 0.621853
v 0.422716 0.073242 0.697456
v 0.351590 0.028212 0.665880
v 0.446777 0.021159 0.597982
v -0.446777 0.021159 0.597982
v -0.351590 0.028212 0.665880
v -0.422716 0.073242 0.697456
v 0.399251 0.134847 0.765137
v 0.352214 0.096354 0.747694
v -0.352214 0.096354 0.747694
v -0.399251 0.134847 0.765137
v 0.307237 0.134847 0.782796
v 0.248318 0.139079 0.764811
v 0.281087 0.073242 0.723362
v -0.281087 0.073242 0.723362
v -0.248318 0.139079 0.764811
v -0.307237 0.134847 0.782796
v 0.197076 0.091092 0.690620
v 0.256348 0.021159 0.632162
v -0.256348 0.021159 0.632162
v -0.197076 0.091092 0.690620
v 0.181342 0.172363 0.735813
v 0.133518 0.242893 0.697211
v 0.122884 0.150879 0.651530
v -0.122884 0.150879 0.651530
v -0.133518 0.242893 0.697211
v -0.181342 0.172363 0.735813
v 0.244222 0.197862 0.791314
v 0.205566 0.242866 0.768175
v -0.205566 0.242866 0.768175
v -0.244222 0.197862 0.791314
v 0.244222 0.289903 0.791314
v 0.248318 0.348687 0.764811
v 0.181342 0.313368 0.735813
v -0.181342 0.313368 0.735813
v -0.248318 0.348687 0.764811
v -0.244222 0.289903 0.791314
v 0.197076 0.396810 0.690620
v 0.122884 0.337565 0.651530
v -0.122884 0.337565 0.651530
v -0.197076 0.396810 0.690620
v 0.281087 0.413683 0.723362
v 0.351590 0.460395 0.665880
v 0.256348 0.470866 0.632162
v -0.256348 0.470866 0.632162
v -0.351590 0.460395 0.665880
v -0.281087 0.413683 0.723362
v 0.307237 0.355903 0.782796
v 0.352214 0.392090 0.747694
v -0.352214 0.392090 0.747694
v -0.307237 0.355903 0.782796
v 0.399251 0.355903 0.765137
v 0.458035 0.348687 0.726617
v 0.422716 0.413683 0.697456
v -0.422716 0.413683 0.697456
v -0.458035 0.348687 0.726617
v -0.399251 0.355903 0.765137
v 0.506185 0.396810 0.635417
v 0.446777 0.470866 0.597982
v -0.446777 0.470866 0.597982
v -0.506185 0.396810 0.635417
v 0.523058 0.313368 0.676053
v 0.580241 0.337565 0.571452
v -0.580241 0.337565 0.571452
v -0.523058 0.313368 0.676053
v 0.464654 0.289903 0.751248
v -0.464654 0.289903 0.751248
v 0.462095 0.243444 0.767343
v 0.431460 0.322718 0.774514
v 0.444182 0.281901 0.781404
v -0.444182 0.281901 0.781404
v -0.431460 0.322718 0.774514
v -0.462095 0.243444 0.767343
v 0.352819 0.355234 0.791386
v 0.391159 0.337475 0.794090
v -0.391159 0.337475 0.794090
v -0.352819 0.355234 0.791386
v 0.277299 0.322718 0.804986
v 0.315430 0.337475 0.810068
v -0.315430 0.337475 0.810068
v -0.277299 0.322718 0.804986
v 0.246040 0.243444 0.807581
v 0.263003 0.281901 0.817057
v -0.263003 0.281901 0.817057
v -0.246040 0.243444 0.807581
v 0.277299 0.167924 0.804986
v 0.263003 0.206055 0.817057
v -0.263003 0.206055 0.817057
v -0.277299 0.167924 0.804986
v 0.352819 0.136665 0.791386
v 0.315430 0.153628 0.810068
v -0.315430 0.153628 0.810068
v -0.352819 0.136665 0.791386
v 0.431460 0.167924 0.774514
v 0.391159 0.153628 0.794090
v -0.391159 0.153628 0.794090
v -0.431460 0.167924 0.774514
v 0.444182 0.206055 0.781404
v -0.444182 0.206055 0.781404
v 0.417707 0.243141 0.796767
v 0.399450 0.197315 0.801297
v -0.417707 0.243141 0.796767
v -0.399450 0.197315 0.801297
v 0.352476 0.178001 0.812292
v -0.352476 0.178001 0.812292
v 0.306668 0.197315 0.820566
v -0.306668 0.197315 0.820566
v 0.287354 0.243141 0.822320
v -0.287354 0.243141 0.822320
v 0.306668 0.290939 0.820566
v -0.306668 0.290939 0.820566
v 0.352476 0.311085 0.812292
v -0.352476 0.311085 0.812292
v 0.399450 0.290939 0.801297
v -0.399450 0.290939 0.801297
v 0.086480 -0.966580 0.557590
v 0.159424 -0.946994 0.592584
v 0.073432 -0.934787 0.633898
v -0.000000 -0.958279 0.602810
v -0.073432 -0.934787 0.633898
v -0.159424 -0.946994 0.592584
v -0.086480 -0.966580 0.557590
v 0.240370 -0.945204 0.535102
v 0.266032 -0.917833 0.582872
v 0.187527 -0.915717 0.629612
v -0.187527 -0.915717 0.629612
v -0.266032 -0.917833 0.582872
v -0.240370 -0.945204 0.535102
v 0.321588 -0.888563 0.525960
v 0.303467 -0.836779 0.597900
v 0.241564 -0.858724 0.641141
v -0.241564 -0.858724 0.641140
v -0.303467 -0.836779 0.597901
v -0.321588 -0.888563 0.525960
v 0.326226 -0.753309 0.544244
v 0.292074 -0.678087 0.623101
v 0.249295 -0.753744 0.664551
v -0.249295 -0.753744 0.664551
v -0.292074 -0.678087 0.623101
v -0.326226 -0.753310 0.544244
v 0.299615 -0.545682 0.562364
v 0.256863 -0.460775 0.634847
v 0.224908 -0.571208 0.684353
v -0.224908 -0.571208 0.684353
v -0.256863 -0.460775 0.634847
v -0.299615 -0.545681 0.562364
v 0.208736 -0.149290 0.665062
v 0.315186 -0.143338 0.568197
v 0.409559 -0.082872 0.611464
v 0.276213 -0.067246 0.707379
v -0.276213 -0.067246 0.707379
v -0.409559 -0.082872 0.611464
v -0.315186 -0.143338 0.568197
v -0.208736 -0.149291 0.665062
v 0.526666 -0.064480 0.537923
v 0.613091 0.019911 0.574246
v 0.497450 -0.003364 0.637533
v -0.497450 -0.003364 0.637533
v -0.613091 0.019911 0.574246
v -0.526666 -0.064480 0.537923
v 0.710070 0.074870 0.498888
v 0.752577 0.185357 0.549045
v 0.659017 0.117703 0.602919
v -0.659017 0.117703 0.602919
v -0.752577 0.185357 0.549045
v -0.710070 0.074870 0.498888
v 0.809408 0.285780 0.523139
v 0.776720 0.370741 0.613824
v 0.731608 0.279107 0.615804
v -0.731608 0.279107 0.615804
v -0.776720 0.370741 0.613824
v -0.809408 0.285780 0.523139
v 0.760471 0.439155 0.599691
v 0.674832 0.460368 0.674452
v 0.705729 0.393907 0.671983
v -0.705729 0.393907 0.671983
v -0.674832 0.460368 0.674452
v -0.760471 0.439155 0.599691
v 0.591119 0.527941 0.651828
v 0.478651 0.570991 0.733860
v 0.559923 0.479492 0.732069
v -0.559923 0.479492 0.732069
v -0.478651 0.570991 0.733860
v -0.591119 0.527941 0.651828
v 0.403131 0.652452 0.704861
v 0.319038 0.668674 0.776449
v 0.383328 0.582330 0.783474
v -0.383328 0.582330 0.783474
v -0.319038 0.668674 0.776449
v -0.403130 0.652452 0.704861
v 0.247477 0.702176 0.737847
v 0.187880 0.634874 0.795329
v 0.260417 0.615533 0.810981
v -0.260417 0.615533 0.810981
v -0.187880 0.634874 0.795329
v -0.247477 0.702176 0.737847
v 0.125244 0.584012 0.745416
v 0.086887 0.482124 0.791151
v 0.154894 0.522244 0.817627
v -0.154894 0.522244 0.817627
v -0.086887 0.482123 0.791151
v -0.125244 0.584012 0.745416
v 0.038764 0.450494 0.737359
v -0.000000 0.410198 0.782401
v 0.061944 0.399104 0.807711
v -0.061944 0.399104 0.807711
v -0.038764 0.450494 0.737359
v 0.136936 0.427192 0.803657
v 0.204454 0.446072 0.780735
v 0.226318 0.526476 0.801053
v -0.226318 0.526476 0.801053
v -0.204454 0.446072 0.780735
v -0.136936 0.427192 0.803657
v 0.286838 0.488336 0.768039
v 0.323866 0.546143 0.784804
v -0.323866 0.546143 0.784804
v -0.286838 0.488336 0.768039
v 0.380317 0.470947 0.749702
v 0.450521 0.487603 0.751302
v -0.450521 0.487603 0.751302
v -0.380317 0.470947 0.749702
v 0.518202 0.412950 0.710205
v 0.617350 0.401910 0.697320
v -0.617350 0.401910 0.697320
v -0.518202 0.412950 0.710205
v 0.624864 0.342150 0.669027
v 0.681993 0.322917 0.653944
v -0.681993 0.322917 0.653944
v -0.624864 0.342150 0.669027
v 0.637885 0.248861 0.652073
v 0.659180 0.195285 0.631510
v -0.659180 0.195285 0.631510
v -0.637885 0.248861 0.652072
v 0.569824 0.130859 0.659749
v 0.547201 0.067925 0.649713
v -0.547201 0.067925 0.649713
v -0.569824 0.130859 0.659749
v 0.443387 0.044000 0.688775
v 0.378499 -0.002387 0.693685
v -0.378499 -0.002387 0.693685
v -0.443387 0.044000 0.688775
v 0.288086 0.040880 0.731527
v 0.186885 0.005590 0.755652
v -0.186885 0.005590 0.755651
v -0.288086 0.040880 0.731527
v 0.170681 0.096408 0.754313
v 0.089274 0.094936 0.748690
v 0.080060 -0.023837 0.759618
v -0.080060 -0.023837 0.759618
v -0.089274 0.094936 0.748690
v -0.170681 0.096408 0.754313
v 0.139214 0.360189 0.781386
v 0.072361 0.325644 0.790241
v -0.072361 0.325644 0.790241
v -0.139214 0.360189 0.781386
v 0.116726 0.262017 0.770101
v 0.000000 0.274511 0.782998
v 0.066325 0.211236 0.763265
v -0.066325 0.211236 0.763265
v -0.116726 0.262017 0.770101
v 0.000000 0.141309 0.750060
v 0.129937 0.170654 0.757026
v -0.129937 0.170654 0.757026
v 0.105062 -0.903456 0.663574
v 0.037977 -0.891520 0.682020
v -0.000000 -0.914551 0.662598
v -0.037977 -0.891520 0.682020
v -0.105062 -0.903456 0.663574
v 0.168593 -0.863254 0.672825
v 0.103217 -0.865153 0.691162
v -0.103217 -0.865153 0.691162
v -0.168593 -0.863254 0.672824
v 0.184592 -0.775513 0.694359
v 0.129647 -0.792508 0.709889
v -0.129647 -0.792508 0.709889
v -0.184592 -0.775513 0.694359
v 0.149333 -0.462864 0.723660
v 0.103461 -0.565158 0.734809
v 0.177572 -0.666178 0.709663
v -0.177572 -0.666178 0.709663
v -0.103461 -0.565158 0.734809
v -0.149333 -0.462864 0.723660
v 0.117386 -0.712159 0.724877
v -0.117386 -0.712159 0.724877
v 0.088290 -0.375465 0.740570
v 0.043300 -0.327329 0.749467
v 0.000000 -0.384928 0.746582
v 0.043810 -0.462267 0.745280
v -0.043810 -0.462267 0.745280
v -0.043300 -0.327329 0.749467
v -0.088290 -0.375466 0.740570
v 0.055257 -0.654161 0.735948
v -0.000000 -0.562500 0.742025
v -0.055257 -0.654161 0.735948
v 0.000000 -0.711480 0.734429
v 0.054262 -0.736464 0.731414
v -0.054262 -0.736464 0.731414
v 0.115566 -0.260462 0.747582
v 0.119005 -0.221490 0.769748
v 0.106391 -0.248454 0.786160
v 0.082254 -0.281105 0.763628
v -0.082254 -0.281105 0.763627
v -0.106391 -0.248454 0.786160
v -0.119005 -0.221490 0.769748
v -0.115566 -0.260462 0.747582
v 0.117079 -0.184218 0.755398
v 0.095242 -0.152805 0.765110
v 0.114258 -0.183729 0.786784
v -0.114258 -0.183729 0.786784
v -0.095242 -0.152805 0.765110
v -0.117079 -0.184218 0.755398
v 0.054782 -0.126551 0.753359
v 0.028795 -0.142542 0.764481
v 0.069417 -0.138482 0.780545
v -0.069417 -0.138482 0.780545
v -0.028795 -0.142542 0.764481
v -0.054782 -0.126551 0.753359
v -0.000000 -0.160093 0.760589
v 0.000000 -0.170247 0.772135
v 0.017714 -0.160373 0.786811
v -0.017714 -0.160373 0.786811
v -0.000000 -0.312012 0.762370
v 0.043837 -0.292399 0.778971
v -0.043837 -0.292399 0.778971
v -0.000000 -0.289225 0.792643
v 0.076622 -0.263310 0.795454
v 0.040992 -0.264544 0.804636
v -0.040992 -0.264544 0.804636
v -0.076622 -0.263310 0.795454
v -0.000000 -0.177786 0.806707
v 0.033856 -0.176123 0.814812
v 0.045371 -0.148837 0.798524
v -0.045371 -0.148837 0.798524
v -0.033856 -0.176123 0.814812
v 0.068127 -0.160174 0.809450
v 0.094073 -0.157740 0.798524
v -0.094073 -0.157740 0.798524
v -0.068127 -0.160174 0.809450
v 0.090722 -0.187960 0.814366
v 0.109863 -0.218642 0.805718
v -0.109863 -0.218642 0.805718
v -0.090722 -0.187960 0.814366
v 0.080556 -0.240619 0.811432
v -0.080556 -0.240619 0.811432
v 0.052775 -0.212738 0.820894
v -0.052775 -0.212738 0.820894
v 0.000000 -0.241940 0.815605
v 0.000000 -0.067368 0.748360
v 0.103999 -0.128335 0.761687
v -0.103999 -0.128335 0.761687
v 0.139052 -0.227512 0.734972
v 0.153017 -0.179116 0.726314
v -0.153017 -0.179116 0.726314
v -0.139052 -0.227512 0.734972
v 0.136833 -0.313467 0.725257
v 0.173041 -0.275119 0.692247
v -0.173041 -0.275119 0.692247
v -0.136833 -0.313467 0.725257
v 0.192057 -0.380208 0.691705
v -0.192057 -0.380208 0.691705
v 0.260742 -0.369575 0.563151
v 0.219862 -0.321723 0.632216
v -0.219862 -0.321723 0.632216
v -0.260742 -0.369575 0.563151
v 0.228841 -0.276937 0.563856
v 0.195204 -0.239610 0.640490
v -0.195204 -0.239610 0.640490
v -0.228841 -0.276937 0.563856
v 0.209852 -0.207872 0.578912
v -0.209852 -0.207872 0.578912
v 0.087736 -0.753012 0.724524
v -0.000000 -0.755263 0.726563
v 0.046197 -0.757514 0.713949
v -0.046197 -0.757514 0.713949
v -0.087736 -0.753012 0.724524
v 0.098877 -0.821126 0.708008
v 0.093994 -0.782254 0.707791
v -0.093994 -0.782254 0.707791
v -0.098877 -0.821126 0.708008
v 0.055854 -0.869303 0.691515
v 0.072510 -0.842855 0.689806
v -0.072510 -0.842855 0.689806
v -0.055854 -0.869303 0.691515
v -0.000000 -0.880968 0.686578
v 0.024712 -0.869982 0.679470
v -0.024712 -0.869982 0.679471
v 0.000000 -0.863119 0.660753
v 0.047770 -0.852132 0.663402
v 0.026964 -0.842340 0.646638
v -0.026964 -0.842339 0.646638
v -0.047770 -0.852132 0.663402
v 0.085907 -0.811881 0.677369
v 0.071639 -0.823545 0.651694
v -0.071639 -0.823545 0.651694
v -0.085907 -0.811881 0.677369
v 0.077718 -0.764377 0.690421
v 0.085473 -0.790654 0.661853
v -0.085473 -0.790654 0.661853
v -0.077718 -0.764377 0.690421
v -0.000000 -0.768446 0.689833
v 0.041287 -0.779704 0.665817
v -0.041287 -0.779704 0.665817
v -0.000000 -0.813965 0.648275
v 0.061523 -0.805691 0.649333
v -0.061523 -0.805691 0.649333
v 0.153836 0.218099 0.768501
v 0.175727 0.150011 0.762451
v 0.178630 0.188178 0.769043
v -0.178630 0.188178 0.769043
v -0.175727 0.150011 0.762451
v -0.153836 0.218099 0.768501
v 0.156169 0.302762 0.773953
v 0.172282 0.258843 0.773329
v -0.172282 0.258843 0.773329
v -0.156169 0.302761 0.773953
v 0.192952 0.387967 0.775798
v 0.191352 0.337864 0.775201
v -0.191352 0.337864 0.775201
v -0.192952 0.387967 0.775798
v 0.233724 0.096056 0.755534
v 0.208496 0.133057 0.767578
v -0.208496 0.133057 0.767578
v -0.233724 0.096056 0.755534
v 0.367025 0.055501 0.723904
v 0.301432 0.085775 0.751329
v -0.301432 0.085775 0.751329
v -0.367025 0.055501 0.723904
v 0.487522 0.093180 0.693441
v 0.424832 0.081245 0.720758
v -0.424832 0.081245 0.720757
v -0.487522 0.093180 0.693441
v 0.585585 0.190809 0.668918
v 0.526720 0.148248 0.691379
v -0.526720 0.148248 0.691379
v -0.585585 0.190809 0.668918
v 0.607530 0.288927 0.669135
v 0.582574 0.242106 0.676704
v -0.582574 0.242106 0.676704
v -0.607530 0.288927 0.669135
v 0.562202 0.361599 0.689616
v 0.573676 0.320096 0.684353
v -0.573676 0.320095 0.684353
v -0.562202 0.361599 0.689616
v 0.436334 0.416694 0.736898
v 0.491564 0.377550 0.723633
v -0.491564 0.377550 0.723633
v -0.436334 0.416694 0.736898
v 0.335585 0.448703 0.753635
v 0.379883 0.417399 0.755968
v -0.379883 0.417399 0.755968
v -0.335585 0.448703 0.753635
v 0.260335 0.440375 0.766629
v 0.303223 0.428087 0.761990
v -0.303223 0.428087 0.761990
v -0.260335 0.440375 0.766629
v 0.239556 0.400825 0.772434
v -0.239556 0.400825 0.772434
v 0.277669 0.404785 0.766412
v 0.225396 0.363064 0.768880
v 0.258138 0.377767 0.761393
v -0.258138 0.377767 0.761393
v -0.225396 0.363064 0.768880
v -0.277669 0.404785 0.766412
v 0.339681 0.413276 0.757134
v 0.309245 0.401204 0.757650
v -0.309245 0.401204 0.757650
v -0.339681 0.413276 0.757134
v 0.425781 0.390517 0.746718
v 0.376302 0.397135 0.748861
v -0.376302 0.397135 0.748861
v -0.425781 0.390517 0.746718
v 0.529487 0.342665 0.697456
v 0.471517 0.362467 0.714681
v -0.471517 0.362467 0.714681
v -0.529487 0.342665 0.697456
v 0.565511 0.281304 0.679281
v 0.540365 0.308268 0.677246
v -0.540365 0.308268 0.677246
v -0.565511 0.281304 0.679281
v 0.548476 0.201199 0.681342
v 0.548503 0.245280 0.672689
v -0.548503 0.245280 0.672689
v -0.548476 0.201199 0.681342
v 0.468804 0.118761 0.707791
v 0.502279 0.164876 0.687988
v -0.502279 0.164876 0.687988
v -0.468804 0.118761 0.707791
v 0.367160 0.086833 0.735135
v 0.416992 0.104329 0.714844
v -0.416992 0.104329 0.714844
v -0.367160 0.086833 0.735135
v 0.251166 0.117757 0.761149
v 0.309570 0.107096 0.741537
v -0.309570 0.107096 0.741537
v -0.251166 0.117757 0.761149
v 0.199680 0.166016 0.762614
v 0.225260 0.148763 0.753255
v -0.225260 0.148763 0.753255
v -0.199680 0.166016 0.762614
v 0.192030 0.296414 0.768039
v 0.215820 0.327474 0.757813
v -0.215820 0.327474 0.757813
v -0.192030 0.296414 0.768039
v 0.185818 0.225288 0.764567
v 0.196289 0.261882 0.753906
v -0.196289 0.261882 0.753906
v -0.185818 0.225288 0.764567
v 0.200033 0.199707 0.750326
v -0.200033 0.199707 0.750326
v -0.000000 0.438386 0.675673
v 0.090738 0.502255 0.679807
v 0.048995 0.458757 0.623451
v -0.048995 0.458757 0.623451
v -0.090738 0.502255 0.679807
v 0.188874 0.657249 0.685140
v 0.185040 0.577115 0.630477
v -0.185040 0.577115 0.630477
v -0.188874 0.657249 0.685140
v 0.327697 0.689205 0.664414
v 0.266490 0.654885 0.628294
v -0.266490 0.654885 0.628294
v -0.327697 0.689205 0.664414
v 0.490532 0.581079 0.618404
v 0.369838 0.618360 0.602181
v -0.369838 0.618360 0.602181
v -0.490532 0.581079 0.618404
v 0.681044 0.477051 0.562012
v 0.574476 0.508257 0.518944
v -0.574476 0.508257 0.518944
v -0.681044 0.477051 0.562012
v 0.798503 0.382243 0.511203
v 0.732259 0.431369 0.469618
v -0.732259 0.431369 0.469618
v -0.798503 0.382243 0.511203
v 0.774170 0.172282 0.437364
v 0.789632 0.288764 0.399061
v -0.789632 0.288764 0.399061
v -0.774170 0.172282 0.437364
v 0.619141 -0.005371 0.464627
v 0.708144 0.082275 0.359158
v -0.708143 0.082275 0.359158
v -0.619141 -0.005371 0.464627
v 0.426048 -0.111362 0.500414
v 0.528040 -0.062711 0.403472
v -0.528040 -0.062711 0.403472
v -0.426048 -0.111362 0.500414
v 0.067952 -0.573107 0.332275
v 0.000000 -0.514703 0.301812
v 0.085449 -0.460178 0.268446
v 0.142660 -0.480496 0.320882
v -0.142660 -0.480496 0.320882
v -0.085449 -0.460178 0.268446
v -0.067952 -0.573107 0.332275
v 0.071072 -0.771674 0.369059
v 0.000000 -0.676107 0.343316
v 0.134630 -0.649143 0.361925
v -0.134630 -0.649143 0.361925
v -0.071072 -0.771674 0.369059
v 0.081299 -0.932265 0.452203
v -0.000000 -0.873101 0.404405
v 0.152859 -0.847439 0.402696
v -0.152859 -0.847439 0.402696
v -0.081299 -0.932265 0.452203
v 0.168267 -0.951687 0.494385
v 0.000000 -0.968153 0.511014
v -0.168267 -0.951687 0.494385
v 0.297704 -0.910123 0.469745
v 0.237021 -0.901212 0.433368
v -0.237021 -0.901212 0.433368
v -0.297704 -0.910123 0.469745
v 0.318414 -0.788249 0.464030
v 0.285877 -0.831089 0.417661
v -0.285877 -0.831089 0.417661
v -0.318414 -0.788249 0.464030
v 0.296224 -0.598470 0.479438
v 0.262044 -0.644152 0.410455
v -0.262044 -0.644152 0.410455
v -0.296224 -0.598470 0.479438
v 0.213976 -0.735270 0.384901
v 0.194417 -0.537028 0.370877
v -0.194417 -0.537028 0.370877
v -0.213976 -0.735270 0.384901
v 0.202989 -0.401096 0.336941
v 0.242540 -0.460558 0.411838
v -0.242540 -0.460558 0.411838
v -0.202989 -0.401096 0.336941
v 0.268880 -0.413628 0.487440
v -0.268880 -0.413629 0.487440
v 0.241671 -0.302922 0.492069
v 0.252513 -0.240557 0.441998
v 0.224564 -0.235623 0.514251
v -0.224564 -0.235623 0.514251
v -0.252513 -0.240557 0.441998
v -0.241671 -0.302922 0.492069
v 0.232932 -0.340750 0.406656
v -0.232932 -0.340750 0.406656
v 0.246408 -0.177480 0.527377
v 0.241118 -0.190473 0.493333
v -0.241118 -0.190473 0.493333
v -0.246408 -0.177480 0.527377
v 0.313356 -0.148515 0.489019
v -0.313357 -0.148515 0.489019
v 0.000000 -0.051541 -0.694770
v 0.174335 0.095486 -0.722729
v 0.302626 -0.036296 -0.614149
v 0.162941 -0.158746 -0.576353
v -0.162941 -0.158746 -0.576353
v -0.302626 -0.036296 -0.614149
v -0.174334 0.095486 -0.722729
v -0.000000 -0.266059 -0.467828
v 0.287996 -0.213840 -0.409984
v 0.142144 -0.327013 -0.275092
v -0.142144 -0.327013 -0.275092
v -0.287996 -0.213840 -0.409984
v 0.000000 -0.395182 -0.076009
v 0.238980 -0.332279 -0.052839
v 0.108573 -0.411733 0.114971
v -0.108573 -0.411733 0.114971
v -0.238980 -0.332279 -0.052839
v 0.000000 -0.449653 0.217339
v 0.171163 -0.399404 0.242788
v -0.171163 -0.399404 0.242788
v 0.234653 -0.324261 0.283142
v -0.234653 -0.324261 0.283142
v 0.781359 0.198242 0.249240
v 0.652072 -0.006337 0.244161
v 0.768825 0.102902 0.099752
v -0.768825 0.102902 0.099752
v -0.652072 -0.006337 0.244161
v -0.781359 0.198242 0.249240
v 0.000000 0.295519 -0.778266
v 0.213596 0.486708 -0.715034
v 0.357169 0.250543 -0.681957
v -0.357169 0.250543 -0.681957
v -0.213596 0.486708 -0.715034
v 0.000000 0.916016 0.094238
v 0.221598 0.830051 0.240777
v 0.408936 0.863770 0.058187
v 0.221029 0.926297 -0.085422
v -0.221029 0.926297 -0.085422
v -0.408936 0.863770 0.058187
v -0.221598 0.830051 0.240777
v -0.000000 0.917698 -0.283095
v 0.408881 0.865099 -0.256131
v 0.221544 0.826714 -0.449897
v -0.221544 0.826715 -0.449897
v -0.408881 0.865099 -0.256131
v -0.000000 0.696560 -0.637858
v 0.407308 0.633952 -0.556858
v -0.407308 0.633952 -0.556858
v 0.644233 0.465468 0.404460
v 0.754801 0.383274 0.364366
v 0.694119 0.461317 0.298231
v -0.694119 0.461317 0.298231
v -0.754802 0.383274 0.364366
v -0.644233 0.465468 0.404460
v 0.628581 0.581950 0.204156
v 0.757243 0.466200 0.181098
v 0.709771 0.605387 0.085069
v -0.709771 0.605387 0.085069
v -0.757243 0.466200 0.181098
v -0.628581 0.581950 0.204156
v 0.635091 0.724501 -0.033393
v 0.776801 0.563477 -0.030924
v 0.715305 0.660617 -0.155735
v -0.715305 0.660617 -0.155735
v -0.776801 0.563477 -0.030924
v -0.635091 0.724501 -0.033393
v 0.635037 0.714220 -0.288981
v 0.768467 0.551491 -0.260986
v 0.709331 0.571782 -0.377374
v -0.709331 0.571782 -0.377374
v -0.768467 0.551491 -0.260986
v -0.635037 0.714220 -0.288981
v 0.760505 0.426538 -0.377108
v 0.676744 0.304273 -0.487514
v 0.623562 0.506673 -0.494548
v -0.623562 0.506673 -0.494548
v -0.676744 0.304273 -0.487514
v -0.760505 0.426538 -0.377108
v 0.512994 0.391059 -0.600043
v 0.539361 0.717828 -0.406440
v -0.539361 0.717828 -0.406440
v -0.512994 0.391059 -0.600043
v 0.540690 0.816569 -0.132324
v -0.540690 0.816569 -0.132324
v 0.540446 0.738010 0.136122
v -0.540446 0.738010 0.136122
v 0.411675 0.678684 0.317193
v 0.545709 0.538249 0.351535
v -0.545709 0.538249 0.351535
v -0.411675 0.678684 0.317193
v 0.433566 0.530826 0.489118
v -0.433566 0.530826 0.489118
v 0.000000 0.716542 0.395399
v 0.235130 0.589742 0.473158
v -0.235130 0.589742 0.473158
v 0.282537 0.539374 0.575229
v -0.282537 0.539374 0.575229
v 0.108633 0.512475 0.575030
v -0.108633 0.512475 0.575030
v -0.000000 0.486417 0.590088
v 0.789985 0.330349 0.205756
v -0.789985 0.330349 0.205756
v 0.817860 0.261058 0.041852
v 0.813818 0.423303 0.028153
v -0.813818 0.423303 0.028153
v -0.817860 0.261058 0.041852
v 0.828772 0.349030 -0.119958
v 0.805806 0.457859 -0.169039
v -0.805806 0.457859 -0.169039
v -0.828772 0.349030 -0.119958
v 0.806308 0.352328 -0.305045
v -0.806308 0.352328 -0.305045
v 0.307366 -0.276005 0.129492
v 0.360541 -0.226644 -0.224094
v 0.430293 -0.190620 -0.034945
v -0.430293 -0.190620 -0.034945
v -0.360541 -0.226644 -0.224094
v -0.307366 -0.276005 0.129492
v 0.637655 -0.084141 -0.054912
v 0.550699 -0.107208 0.115755
v 0.530138 -0.126753 -0.188287
v -0.530138 -0.126753 -0.188287
v -0.550699 -0.107208 0.115755
v -0.637655 -0.084141 -0.054912
v 0.424266 -0.138150 0.316964
v -0.424266 -0.138150 0.316964
v 0.312364 -0.171068 0.445935
v 0.306987 -0.234928 0.298853
v -0.306987 -0.234928 0.298853
v -0.312364 -0.171068 0.445935
v 0.701375 0.139193 -0.432962
v 0.574620 0.025146 -0.443816
v 0.549279 0.181247 -0.556103
v -0.549279 0.181247 -0.556103
v -0.574620 0.025146 -0.443816
v -0.701375 0.139193 -0.432962
v 0.417832 0.069567 -0.600803
v -0.417832 0.069567 -0.600803
v 0.622559 -0.072351 -0.294881
v 0.461334 -0.100016 -0.365700
v -0.461334 -0.100016 -0.365700
v -0.622559 -0.072351 -0.294881
v 0.394028 -0.075033 -0.510376
v -0.394028 -0.075033 -0.510376
v 1.032634 0.437256 -0.310710
v 0.959147 0.425971 -0.298692
v 0.912679 0.379015 -0.240560
v 0.971517 0.384440 -0.270643
v -0.971517 0.384440 -0.270643
v -0.912679 0.379015 -0.240560
v -0.959147 0.425971 -0.298692
v -1.032634 0.437256 -0.310710
v 1.125217 0.469537 -0.385579
v 1.105143 0.420247 -0.352919
v 1.195285 0.437880 -0.393609
v -1.195285 0.437880 -0.393609
v -1.105143 0.420247 -0.352919
v -1.125217 0.469537 -0.385579
v 1.278836 0.394504 -0.433024
v 1.228923 0.357096 -0.407471
v 1.281711 0.291748 -0.416124
v -1.281711 0.291748 -0.416124
v -1.228923 0.357096 -0.407471
v -1.278836 0.394504 -0.433024
v 1.300049 0.185547 -0.435710
v 1.241184 0.182888 -0.413737
v 1.221436 0.083523 -0.403537
v -1.221436 0.083523 -0.403537
v -1.241184 0.182888 -0.413737
v -1.300049 0.185547 -0.435710
v 1.152344 -0.010498 -0.392931
v 1.123183 0.020671 -0.364176
v 1.031630 -0.052355 -0.306695
v -1.031630 -0.052355 -0.306695
v -1.123183 0.020671 -0.364176
v -1.152344 -0.010498 -0.392931
v 0.913005 -0.103570 -0.258789
v 0.932455 -0.055366 -0.234701
v 0.817247 -0.092909 -0.172635
v -0.817247 -0.092909 -0.172635
v -0.932454 -0.055366 -0.234701
v -0.913005 -0.103570 -0.258789
v 1.032905 -0.007704 -0.325033
v 0.958035 -0.015951 -0.289307
v 0.869303 -0.039198 -0.208740
v -0.869303 -0.039198 -0.208740
v -0.958035 -0.015951 -0.289307
v -1.032905 -0.007704 -0.325033
v 1.182075 0.098389 -0.412164
v 1.114746 0.044623 -0.402317
v -1.114746 0.044623 -0.402317
v -1.182075 0.098389 -0.412164
v 1.231879 0.260824 -0.425184
v 1.214763 0.172906 -0.444119
v -1.214762 0.172906 -0.444119
v -1.231879 0.260824 -0.425185
v 1.166043 0.374702 -0.402615
v 1.206109 0.308702 -0.440348
v -1.206109 0.308702 -0.440348
v -1.166043 0.374702 -0.402615
v 1.032362 0.375298 -0.329074
v 1.100586 0.358073 -0.395861
v -1.100586 0.358073 -0.395861
v -1.032362 0.375298 -0.329074
v 0.936523 0.329481 -0.264431
v 0.985650 0.331082 -0.322862
v -0.985650 0.331082 -0.322862
v -0.936524 0.329481 -0.264431
v 0.733787 0.016047 -0.022830
v 0.689592 -0.070129 -0.140469
v 0.718188 -0.012106 -0.118053
v -0.718188 -0.012106 -0.118053
v -0.689592 -0.070129 -0.140469
v -0.733787 0.016047 -0.022830
v 0.706517 -0.107399 -0.185872
v 0.775267 -0.054265 -0.167971
v -0.775267 -0.054265 -0.167971
v -0.706516 -0.107399 -0.185872
v 0.786348 0.147524 -0.062690
v -0.786348 0.147524 -0.062690
v 0.856045 0.357476 -0.247761
v 0.843119 0.314860 -0.200343
v 0.885444 0.322591 -0.226888
v -0.885444 0.322591 -0.226888
v -0.843119 0.314860 -0.200343
v -0.856045 0.357476 -0.247761
v 0.839301 -0.022190 -0.239041
v 0.781104 -0.017350 -0.214796
v -0.781104 -0.017350 -0.214796
v -0.839301 -0.022190 -0.239041
v 0.811876 0.002414 -0.264730
v 0.780430 0.031715 -0.235542
v 0.738369 0.007248 -0.181629
v -0.738369 0.007248 -0.181629
v -0.780430 0.031715 -0.235542
v -0.811876 0.002414 -0.264730
v 0.790377 0.079754 -0.274723
v 0.766076 0.082378 -0.238019
v 0.816527 0.051298 -0.274587
v -0.816527 0.051298 -0.274587
v -0.766076 0.082378 -0.238019
v -0.790377 0.079754 -0.274723
v 0.794271 0.132107 -0.269070
v 0.812799 0.181939 -0.237874
v 0.771546 0.129289 -0.189643
v -0.771546 0.129289 -0.189643
v -0.812798 0.181939 -0.237874
v -0.794271 0.132107 -0.269070
v 0.869629 0.264621 -0.242025
v 0.830431 0.250407 -0.206434
v 0.856391 0.212267 -0.268582
v -0.856391 0.212267 -0.268582
v -0.830431 0.250407 -0.206434
v -0.869629 0.264621 -0.242025
v 0.913384 0.279324 -0.277615
v -0.913384 0.279324 -0.277615
v 0.812340 0.232860 -0.138324
v -0.812340 0.232860 -0.138324
v 0.740802 0.053018 -0.134472
v -0.740802 0.053018 -0.134472
v 0.953885 0.293620 -0.323269
v 0.892415 0.236654 -0.296875
v 0.932916 0.253391 -0.329346
v -0.932916 0.253391 -0.329346
v -0.892415 0.236654 -0.296875
v -0.953885 0.293620 -0.323269
v 0.835558 0.169189 -0.295085
v 0.875977 0.193088 -0.315565
v -0.875977 0.193088 -0.315565
v -0.835558 0.169189 -0.295085
v 0.786380 0.104518 -0.295009
v 0.815189 0.128240 -0.312547
v -0.815189 0.128240 -0.312547
v -0.786380 0.104518 -0.295009
v 0.818263 0.072932 -0.296981
v 0.809519 0.095322 -0.312520
v -0.809519 0.095322 -0.312520
v -0.818263 0.072932 -0.296981
v 0.837267 0.022569 -0.295383
v 0.848823 0.053684 -0.314182
v -0.848823 0.053684 -0.314182
v -0.837267 0.022569 -0.295383
v 0.829805 -0.010515 -0.284293
v 0.845268 0.005531 -0.307812
v -0.845268 0.005531 -0.307812
v -0.829805 -0.010515 -0.284293
v 0.897407 -0.014811 -0.273221
v 0.859794 -0.006147 -0.292010
v -0.859794 -0.006147 -0.292010
v -0.897407 -0.014811 -0.273221
v 1.042761 0.332420 -0.385579
v 1.004648 0.301306 -0.371338
v -1.004648 0.301306 -0.371338
v -1.042761 0.332420 -0.385579
v 1.164614 0.331715 -0.447239
v 1.106825 0.327908 -0.432292
v -1.106825 0.327908 -0.432292
v -1.164614 0.331715 -0.447239
v 1.224827 0.238064 -0.463867
v 1.195050 0.283538 -0.462945
v -1.195050 0.283538 -0.462945
v -1.224826 0.238064 -0.463867
v 1.178548 0.102431 -0.450928
v 1.200819 0.171495 -0.462864
v -1.200819 0.171495 -0.462864
v -1.178548 0.102431 -0.450928
v 1.041097 0.013319 -0.378065
v 1.107341 0.064779 -0.429606
v -1.107341 0.064779 -0.429606
v -1.041097 0.013319 -0.378065
v 0.966309 0.010064 -0.338053
v -0.966309 0.010064 -0.338053
v 0.857313 0.092556 -0.323676
v 0.882406 0.040229 -0.321696
v 0.910916 0.089355 -0.333632
v -0.910916 0.089355 -0.333632
v -0.882406 0.040229 -0.321696
v -0.857314 0.092556 -0.323676
v 0.922906 0.143636 -0.338840
v 0.960802 0.085259 -0.348769
v 0.978163 0.147352 -0.358371
v -0.978163 0.147352 -0.358371
v -0.960802 0.085259 -0.348768
v -0.922906 0.143636 -0.338840
v 0.983833 0.204536 -0.360080
v 1.037245 0.145047 -0.385200
v 1.038032 0.205160 -0.379096
v -1.038032 0.205160 -0.379096
v -1.037245 0.145047 -0.385200
v -0.983833 0.204536 -0.360080
v 1.047861 0.253671 -0.384060
v 1.101570 0.202231 -0.403783
v 1.107967 0.246240 -0.406292
v -1.107967 0.246240 -0.406292
v -1.101570 0.202231 -0.403783
v -1.047861 0.253671 -0.384060
v 1.065511 0.298584 -0.404378
v 0.988227 0.257731 -0.361654
v -0.988227 0.257731 -0.361654
v -1.065511 0.298584 -0.404378
v 0.926568 0.201660 -0.337050
v -0.926568 0.201660 -0.337050
v 0.865967 0.140923 -0.324680
v -0.865967 0.140923 -0.324680
v 0.915120 0.026964 -0.318387
v -0.915120 0.026964 -0.318387
v 1.021756 0.069336 -0.384060
v -1.021756 0.069336 -0.384060
v 1.121853 0.140489 -0.427328
v -1.121853 0.140489 -0.427328
v 1.167190 0.226116 -0.439428
v -1.167190 0.226116 -0.439428
v 1.130507 0.296902 -0.433729
v -1.130507 0.296902 -0.433729
v 1.038710 -0.063856 -0.391032
v 0.799425 -0.103868 -0.269694
v 0.919759 -0.018256 -0.386312
v -0.919759 -0.018256 -0.386312
v -0.799425 -0.103868 -0.269694
v -1.038710 -0.063856 -0.391032
v 1.261900 0.080187 -0.465314
v 1.162914 0.063938 -0.486364
v -1.162914 0.063938 -0.486364
v -1.261900 0.080187 -0.465314
v 1.325935 0.295174 -0.467527
v 1.316929 0.212057 -0.502927
v -1.316929 0.212057 -0.502927
v -1.325935 0.295174 -0.467527
v 1.225007 0.444173 -0.465477
v 1.299432 0.344639 -0.505653
v -1.299432 0.344639 -0.505653
v -1.225007 0.444173 -0.465477
v 1.035183 0.440077 -0.397163
v 1.140345 0.378092 -0.487314
v -1.140345 0.378092 -0.487314
v -1.035184 0.440077 -0.397163
v 0.885824 0.377848 -0.324490
v 0.942329 0.328966 -0.405382
v -0.942329 0.328966 -0.405382
v -0.885824 0.377848 -0.324490
v 1.038303 0.182780 -0.467936
v 0.839410 0.136719 -0.382840
v -0.839410 0.136719 -0.382840
v -1.038303 0.182780 -0.467936
v 1.249566 0.252577 -0.520861
v -1.249566 0.252577 -0.520860
v 0.807793 0.272250 -0.377447
v -0.807793 0.272250 -0.377447
v 0.728244 -0.011095 -0.350694
v -0.728244 -0.011095 -0.350694
v 0.490041 0.186537 0.719489
v -0.490041 0.186537 0.719489
v 0.553073 0.160645 0.625482
v -0.553073 0.160645 0.625482
v 0.435225 0.044820 0.649906
v -0.435225 0.044820 0.649906
v 0.409326 0.107615 0.736657
v -0.409325 0.107615 0.736657
v 0.295831 0.107615 0.757728
v -0.295831 0.107615 0.757728
v 0.267985 0.044820 0.680183
v -0.267985 0.044820 0.680183
v 0.150211 0.160645 0.695879
v -0.150211 0.160645 0.695879
v 0.216831 0.186537 0.767734
v -0.216831 0.186537 0.767734
v 0.216831 0.299957 0.767734
v -0.216831 0.299957 0.767734
v 0.150211 0.325935 0.695879
v -0.150211 0.325935 0.695879
v 0.267985 0.443698 0.680183
v -0.267985 0.443698 0.680183
v 0.295831 0.380744 0.757728
v -0.295831 0.380744 0.757728
v 0.409326 0.380744 0.736657
v -0.409326 0.380744 0.736657
v 0.435225 0.443698 0.649906
v -0.435225 0.443698 0.649906
v 0.553074 0.325935 0.625482
v -0.553073 0.325935 0.625482
v 0.490041 0.299957 0.719489
v -0.490041 0.299957 0.719489
v 0.454486 0.286075 0.769157
v -0.454486 0.286075 0.769157
v 0.395371 0.346926 0.782428
v -0.395371 0.346926 0.782428
v 0.311598 0.346926 0.799389
v -0.311598 0.346926 0.799389
v 0.254199 0.286075 0.807248
v -0.254199 0.286075 0.807248
v 0.254199 0.202223 0.807248
v -0.254199 0.202223 0.807248
v 0.311598 0.144824 0.799389
v -0.311598 0.144824 0.799389
v 0.395371 0.144824 0.782428
v -0.395371 0.144824 0.782428
v 0.454486 0.202223 0.769157
v -0.454486 0.202223 0.769157
v 0.422494 0.214486 0.793859
v -0.422494 0.214486 0.793859
v 0.381936 0.174040 0.803802
v -0.381936 0.174040 0.803802
v 0.323853 0.174040 0.816225
v -0.323853 0.174040 0.816225
v 0.283407 0.214486 0.821614
v -0.283407 0.214486 0.821615
v 0.283407 0.272710 0.821615
v -0.283407 0.272710 0.821615
v 0.323853 0.315489 0.816225
v -0.323853 0.315489 0.816225
v 0.381936 0.315489 0.803802
v -0.381936 0.315489 0.803802
v 0.422494 0.272710 0.793859
v -0.422494 0.272710 0.793859
v 0.083466 -0.954895 0.599620
v -0.083466 -0.954895 0.599620
v 0.221273 -0.936290 0.585592
v -0.221273 -0.936290 0.585592
v 0.292562 -0.885708 0.587538
v -0.292562 -0.885708 0.587538
v 0.302226 -0.768521 0.610938
v -0.302226 -0.768521 0.610938
v 0.276076 -0.567773 0.631304
v -0.276076 -0.567773 0.631304
v 0.295484 -0.115736 0.642072
v -0.295484 -0.115736 0.642072
v 0.517541 -0.038876 0.591207
v -0.517541 -0.038876 0.591207
v 0.694146 0.094872 0.554169
v -0.694146 0.094872 0.554169
v 0.780457 0.285516 0.574741
v -0.780457 0.285516 0.574741
v 0.741747 0.421882 0.646203
v -0.741747 0.421882 0.646203
v 0.579671 0.510939 0.704603
v -0.579671 0.510939 0.704603
v 0.392802 0.629445 0.758063
v -0.392802 0.629446 0.758064
v 0.250315 0.672221 0.789002
v -0.250315 0.672221 0.789002
v 0.134016 0.561011 0.795417
v -0.134016 0.561011 0.795417
v 0.043345 0.429640 0.785332
v -0.043345 0.429640 0.785332
v 0.180050 0.481635 0.804287
v -0.180050 0.481635 0.804287
v 0.273790 0.548140 0.794607
v -0.273790 0.548140 0.794607
v 0.380001 0.523933 0.770993
v -0.380001 0.523933 0.770993
v 0.538025 0.444197 0.725023
v -0.538025 0.444197 0.725023
v 0.663761 0.365262 0.673547
v -0.663761 0.365262 0.673547
v 0.681257 0.263994 0.638526
v -0.681257 0.263994 0.638526
v 0.612651 0.127323 0.636410
v -0.612651 0.127323 0.636410
v 0.469045 0.023512 0.667803
v -0.469045 0.023512 0.667803
v 0.278078 -0.008243 0.728331
v -0.278078 -0.008243 0.728331
v 0.126433 0.044161 0.756531
v -0.126433 0.044161 0.756531
v 0.099575 0.376184 0.798777
v -0.099575 0.376184 0.798777
v 0.064185 0.269098 0.777106
v -0.064185 0.269098 0.777106
v 0.073018 0.153129 0.751911
v -0.073018 0.153129 0.751911
v 0.055613 -0.911699 0.662659
v -0.055613 -0.911699 0.662659
v 0.143155 -0.889113 0.666501
v -0.143155 -0.889113 0.666501
v 0.181429 -0.822323 0.683162
v -0.181429 -0.822324 0.683162
v 0.163971 -0.568682 0.717679
v -0.163971 -0.568682 0.717678
v 0.184159 -0.730225 0.702409
v -0.184159 -0.730225 0.702409
v 0.042190 -0.381135 0.745845
v -0.042190 -0.381135 0.745845
v 0.049554 -0.563076 0.741123
v -0.049554 -0.563076 0.741123
v 0.056704 -0.709154 0.733286
v -0.056704 -0.709154 0.733286
v 0.107932 -0.253500 0.767214
v -0.107932 -0.253500 0.767214
v 0.114855 -0.184421 0.768273
v -0.114855 -0.184421 0.768273
v 0.062276 -0.138042 0.763376
v -0.062276 -0.138042 0.763376
v 0.010488 -0.160480 0.768974
v -0.010488 -0.160480 0.768974
v 0.043889 -0.302908 0.762474
v -0.043889 -0.302908 0.762474
v 0.041939 -0.280865 0.792963
v -0.041939 -0.280865 0.792963
v 0.022556 -0.165962 0.803512
v -0.022556 -0.165962 0.803512
v 0.071031 -0.144960 0.796838
v -0.071031 -0.144960 0.796838
v 0.107679 -0.186123 0.803347
v -0.107679 -0.186123 0.803347
v 0.099407 -0.243606 0.801514
v -0.099407 -0.243606 0.801515
v 0.061994 -0.183869 0.818119
v -0.061994 -0.183869 0.818119
v 0.045519 -0.241289 0.815105
v -0.045519 -0.241289 0.815105
v 0.057840 -0.086147 0.755838
v -0.057840 -0.086147 0.755838
v 0.128620 -0.179667 0.750233
v -0.128620 -0.179667 0.750233
v 0.139633 -0.268207 0.727148
v -0.139633 -0.268207 0.727148
v 0.139840 -0.376985 0.725219
v -0.139840 -0.376985 0.725219
v 0.237081 -0.379429 0.634213
v -0.237081 -0.379428 0.634213
v 0.207096 -0.278907 0.632599
v -0.207096 -0.278907 0.632599
v 0.185647 -0.194688 0.657297
v -0.185647 -0.194688 0.657297
v 0.049291 -0.750197 0.726772
v -0.049291 -0.750197 0.726772
v 0.103148 -0.782484 0.717433
v -0.103148 -0.782484 0.717434
v 0.081109 -0.850769 0.698744
v -0.081109 -0.850769 0.698744
v 0.028283 -0.878513 0.687642
v -0.028283 -0.878513 0.687642
v 0.024038 -0.860708 0.661125
v -0.024038 -0.860708 0.661125
v 0.069962 -0.835803 0.669020
v -0.069962 -0.835803 0.669020
v 0.090552 -0.783635 0.685093
v -0.090552 -0.783635 0.685093
v 0.044627 -0.764052 0.690842
v -0.044627 -0.764052 0.690842
v 0.034058 -0.810489 0.648895
v -0.034058 -0.810489 0.648895
v 0.075754 -0.805564 0.649704
v -0.075754 -0.805564 0.649704
v 0.162228 0.181695 0.765038
v -0.162228 0.181695 0.765038
v 0.151299 0.258894 0.771481
v -0.151299 0.258894 0.771481
v 0.169922 0.347449 0.775872
v -0.169922 0.347449 0.775872
v 0.196018 0.122494 0.761037
v -0.196018 0.122494 0.761037
v 0.295980 0.069970 0.741570
v -0.295980 0.069970 0.741570
v 0.430122 0.063751 0.708052
v -0.430122 0.063751 0.708052
v 0.542769 0.138343 0.679145
v -0.542769 0.138343 0.679145
v 0.605804 0.242401 0.666280
v -0.605804 0.242401 0.666280
v 0.595435 0.328142 0.675520
v -0.595435 0.328142 0.675520
v 0.503174 0.391232 0.713776
v -0.503174 0.391232 0.713776
v 0.380547 0.436727 0.748450
v -0.380547 0.436727 0.748450
v 0.296719 0.450124 0.759735
v -0.296719 0.450124 0.759735
v 0.224508 0.419461 0.772454
v -0.224508 0.419461 0.772454
v 0.250078 0.387851 0.768633
v -0.250078 0.387851 0.768633
v 0.306966 0.413171 0.761366
v -0.306966 0.413171 0.761366
v 0.378337 0.405589 0.755547
v -0.378337 0.405589 0.755547
v 0.481286 0.368808 0.723002
v -0.481286 0.368808 0.723002
v 0.556064 0.313897 0.683994
v -0.556064 0.313897 0.683994
v 0.564358 0.243479 0.677646
v -0.564358 0.243479 0.677646
v 0.514001 0.157060 0.692868
v -0.514001 0.157060 0.692868
v 0.420902 0.094181 0.721442
v -0.420902 0.094181 0.721442
v 0.305745 0.097168 0.750085
v -0.305745 0.097168 0.750085
v 0.217367 0.140940 0.763835
v -0.217367 0.140940 0.763835
v 0.205499 0.331702 0.768714
v -0.205499 0.331702 0.768714
v 0.185964 0.260098 0.766527
v -0.185964 0.260098 0.766527
v 0.190094 0.193932 0.762858
v -0.190094 0.193932 0.762858
v 0.043606 0.453352 0.677093
v -0.043606 0.453352 0.677093
v 0.137575 0.582376 0.684231
v -0.137575 0.582376 0.684231
v 0.254262 0.694391 0.677066
v -0.254262 0.694391 0.677066
v 0.404027 0.644248 0.644554
v -0.404027 0.644248 0.644554
v 0.588823 0.523528 0.588971
v -0.588823 0.523528 0.588971
v 0.754218 0.438955 0.540036
v -0.754218 0.438955 0.540036
v 0.805776 0.285197 0.468363
v -0.805776 0.285197 0.468363
v 0.706635 0.073476 0.441973
v -0.706635 0.073476 0.441973
v 0.526385 -0.065442 0.483498
v -0.526385 -0.065442 0.483498
v 0.075328 -0.504039 0.305132
v -0.075328 -0.504039 0.305132
v 0.067244 -0.667792 0.349264
v -0.067244 -0.667792 0.349264
v 0.076236 -0.865092 0.404232
v -0.076236 -0.865092 0.404232
v 0.085181 -0.963125 0.506168
v -0.085181 -0.963125 0.506168
v 0.244266 -0.936729 0.480405
v -0.244266 -0.936729 0.480405
v 0.319113 -0.860920 0.463197
v -0.319113 -0.860920 0.463197
v 0.308946 -0.697937 0.471083
v -0.308946 -0.697937 0.471083
v 0.201257 -0.632792 0.377797
v -0.201257 -0.632792 0.377797
v 0.227200 -0.830694 0.401816
v -0.227200 -0.830694 0.401816
v 0.196649 -0.458635 0.356177
v -0.196649 -0.458635 0.356177
v 0.282979 -0.499498 0.484751
v -0.282979 -0.499498 0.484751
v 0.233118 -0.266116 0.502304
v -0.233118 -0.266116 0.502304
v 0.253903 -0.350128 0.488991
v -0.253903 -0.350128 0.488991
v 0.219944 -0.206557 0.524375
v -0.219944 -0.206557 0.524375
v 0.322432 -0.147040 0.517925
v -0.322432 -0.147040 0.517925
v 0.165880 -0.047906 -0.666301
v -0.165880 -0.047906 -0.666301
v 0.155384 -0.252370 -0.447129
v -0.155384 -0.252370 -0.447129
v 0.125203 -0.378636 -0.068659
v -0.125203 -0.378636 -0.068659
v 0.095147 -0.434554 0.217911
v -0.095147 -0.434554 0.217911
v 0.210631 -0.362224 0.315757
v -0.210631 -0.362224 0.315757
v 0.735134 0.090335 0.232339
v -0.735134 0.090335 0.232339
v 0.194060 0.281515 -0.746737
v -0.194060 0.281515 -0.746737
v 0.221100 0.903198 0.086985
v -0.221100 0.903198 0.086985
v 0.221093 0.905528 -0.269185
v -0.221093 0.905528 -0.269185
v 0.221324 0.679193 -0.608568
v -0.221324 0.679193 -0.608568
v 0.707960 0.431959 0.389194
v -0.707960 0.431959 0.389194
v 0.698558 0.530250 0.196350
v -0.698558 0.530250 0.196350
v 0.714939 0.650316 -0.033369
v -0.714939 0.650316 -0.033369
v 0.713998 0.637622 -0.275835
v -0.713998 0.637622 -0.275835
v 0.701191 0.452734 -0.447765
v -0.701191 0.452734 -0.447765
v 0.534071 0.571838 -0.523393
v -0.534071 0.571838 -0.523393
v 0.540524 0.795315 -0.272485
v -0.540524 0.795315 -0.272485
v 0.540660 0.799425 0.006395
v -0.540660 0.799425 0.006395
v 0.540738 0.633409 0.250960
v -0.540738 0.633409 0.250960
v 0.558380 0.501942 0.440154
v -0.558380 0.501942 0.440154
v 0.223789 0.707947 0.371260
v -0.223789 0.707947 0.371260
v 0.279077 0.594032 0.600035
v -0.279076 0.594031 0.600035
v 0.264055 0.533733 0.535880
v -0.264055 0.533733 0.535880
v 0.043831 0.482234 0.594812
v -0.043831 0.482234 0.594812
v 0.783878 0.301693 0.305827
v -0.783878 0.301693 0.305827
v 0.803067 0.376510 0.115901
v -0.803067 0.376510 0.115901
v 0.813537 0.453482 -0.065614
v -0.813537 0.453482 -0.065614
v 0.792182 0.441368 -0.278844
v -0.792182 0.441368 -0.278844
v 0.335332 -0.263090 -0.042816
v -0.335332 -0.263090 -0.042816
v 0.539466 -0.131719 -0.039594
v -0.539466 -0.131719 -0.039594
v 0.542417 -0.078372 0.273223
v -0.542417 -0.078372 0.273223
v 0.320816 -0.194374 0.377783
v -0.320816 -0.194374 0.377783
v 0.280628 -0.279938 0.242705
v -0.280628 -0.279938 0.242705
v 0.286245 -0.166731 0.477755
v -0.286245 -0.166732 0.477755
v 0.627542 0.156363 -0.492076
v -0.627542 0.156363 -0.492076
v 0.468543 0.215902 -0.618937
v -0.468543 0.215902 -0.618937
v 0.541211 -0.073111 -0.331983
v -0.541211 -0.073111 -0.331983
v 0.383582 -0.156565 -0.385386
v -0.383582 -0.156565 -0.385386
v 0.380666 -0.019135 -0.579610
v -0.380666 -0.019135 -0.579610
v 0.965332 0.411116 -0.270264
v -0.965332 0.411116 -0.270264
v 1.114977 0.451860 -0.356411
v -1.114977 0.451860 -0.356411
v 1.254327 0.381304 -0.411092
v -1.254327 0.381304 -0.411092
v 1.270840 0.185703 -0.416484
v -1.270840 0.185703 -0.416484
v 1.137224 0.002981 -0.367038
v -1.137224 0.002981 -0.367038
v 0.920197 -0.083160 -0.230876
v -0.920197 -0.083160 -0.230876
v 0.946455 -0.031742 -0.258128
v -0.946455 -0.031742 -0.258128
v 1.115618 0.035506 -0.378893
v -1.115618 0.035506 -0.378893
v 1.221788 0.178141 -0.424981
v -1.221788 0.178141 -0.424981
v 1.212216 0.330539 -0.419515
v -1.212216 0.330539 -0.419515
v 1.100179 0.386047 -0.369537
v -1.100179 0.386047 -0.369537
v 0.978533 0.355309 -0.292145
v -0.978533 0.355309 -0.292145
v 0.693917 -0.044363 -0.083945
v -0.693917 -0.044363 -0.083945
v 0.736002 -0.086328 -0.155783
v -0.736002 -0.086328 -0.155783
v 0.786423 0.128939 0.006842
v -0.786423 0.128939 0.006842
v 0.871194 0.344740 -0.221652
v -0.871194 0.344740 -0.221652
v 0.812724 -0.033223 -0.201427
v -0.812724 -0.033223 -0.201427
v 0.775182 0.004718 -0.225624
v -0.775182 0.004718 -0.225624
v 0.786391 0.059641 -0.253464
v -0.786391 0.059641 -0.253464
v 0.780888 0.128708 -0.235181
v -0.780888 0.128708 -0.235181
v 0.842017 0.226902 -0.239614
v -0.842017 0.226902 -0.239614
v 0.900696 0.298872 -0.248793
v -0.900696 0.298872 -0.248793
v 0.829524 0.285890 -0.167210
v -0.829524 0.285890 -0.167210
v 0.776391 0.140687 -0.129827
v -0.776391 0.140687 -0.129827
v 0.726315 0.010103 -0.144003
v -0.726315 0.010103 -0.144003
v 0.921217 0.266846 -0.305545
v -0.921217 0.266846 -0.305545
v 0.865167 0.204173 -0.294576
v -0.865167 0.204173 -0.294576
v 0.803637 0.133104 -0.295256
v -0.803637 0.133104 -0.295256
v 0.796292 0.087965 -0.296048
v -0.796292 0.087965 -0.296048
v 0.833621 0.049341 -0.296281
v -0.833621 0.049341 -0.296281
v 0.830491 0.002020 -0.293275
v -0.830492 0.002020 -0.293275
v 0.851281 -0.015924 -0.269400
v -0.851281 -0.015924 -0.269400
v 0.992867 0.315682 -0.351240
v -0.992867 0.315682 -0.351240
v 1.104784 0.341302 -0.420414
v -1.104784 0.341302 -0.420414
v 1.206761 0.295466 -0.460324
v -1.206761 0.295466 -0.460324
v 1.215461 0.169271 -0.462250
v -1.215461 0.169271 -0.462250
v 1.116811 0.049503 -0.423876
v -1.116811 0.049503 -0.423876
v 0.964054 -0.006595 -0.317739
v -0.964054 -0.006595 -0.317739
v 0.876095 0.067440 -0.324995
v -0.876095 0.067440 -0.324995
v 0.945608 0.116869 -0.345351
v -0.945608 0.116869 -0.345350
v 1.008433 0.177975 -0.369771
v -1.008433 0.177975 -0.369771
v 1.069495 0.226727 -0.388269
v -1.069495 0.226727 -0.388269
v 1.024601 0.279867 -0.380605
v -1.024601 0.279867 -0.380605
v 0.956207 0.231191 -0.347409
v -0.956207 0.231191 -0.347409
v 0.897041 0.171058 -0.329664
v -0.897041 0.171058 -0.329664
v 0.834039 0.113681 -0.320677
v -0.834039 0.113681 -0.320677
v 0.872938 0.013695 -0.310290
v -0.872938 0.013695 -0.310290
v 0.966475 0.044935 -0.347510
v -0.966475 0.044935 -0.347510
v 1.075690 0.101729 -0.411055
v -1.075691 0.101729 -0.411055
v 1.154072 0.183041 -0.435866
v -1.154072 0.183041 -0.435866
v 1.156218 0.265839 -0.437955
v -1.156218 0.265839 -0.437955
v 1.102712 0.311813 -0.426885
v -1.102712 0.311813 -0.426885
v 0.913177 -0.096832 -0.321604
v -0.913178 -0.096832 -0.321604
v 1.162332 -0.004612 -0.440722
v -1.162332 -0.004612 -0.440722
v 1.317280 0.186125 -0.469587
v -1.317280 0.186125 -0.469587
v 1.293320 0.387019 -0.470767
v -1.293320 0.387019 -0.470767
v 1.132316 0.456662 -0.438396
v -1.132316 0.456662 -0.438396
v 0.951796 0.412666 -0.354672
v -0.951796 0.412665 -0.354672
v 0.930637 0.154439 -0.417382
v -0.930637 0.154439 -0.417382
v 1.152805 0.218970 -0.504459
v -1.152805 0.218970 -0.504459
v 1.300265 0.271792 -0.518747
v -1.300265 0.271792 -0.518747
v 0.837139 0.343399 -0.314129
v -0.837139 0.343399 -0.314129
v 0.767063 0.131054 -0.391162
v -0.767063 0.131054 -0.391162
v 0.705187 -0.089275 -0.267168
v -0.705187 -0.089275 -0.267168
vn 0.7531 -0.1188 0.6471
vn 0.6661 -0.3508 0.6582
vn 0.6807 -0.3631 0.6363
vn 0.7689 -0.1257 0.6270
vn -0.6807 -0.3631 0.6363
vn -0.6661 -0.3508 0.6582
vn -0.7531 -0.1188 0.6471
vn -0.7689 -0.1257 0.6270
vn 0.8351 -0.1454 0.5305
vn 0.7366 -0.4185 0.5312
vn 0.7634 -0.4523 0.4611
vn 0.8704 -0.1566 0.4667
vn -0.7634 -0.4523 0.4611
vn -0.7366 -0.4185 0.5312
vn -0.8351 -0.1454 0.5305
vn -0.8704 -0.1566 0.4667
vn 0.5369 -0.6526 0.5346
vn 0.2633 -0.7970 0.5436
vn 0.2531 -0.8595 0.4441
vn 0.5470 -0.7057 0.4503
vn -0.2531 -0.8595 0.4441
vn -0.2633 -0.7970 0.5436
vn -0.5369 -0.6526 0.5346
vn -0.5470 -0.7057 0.4503
vn 0.4875 -0.5421 0.6845
vn 0.2655 -0.6480 0.7139
vn 0.2672 -0.6766 0.6862
vn 0.5019 -0.5609 0.6584
vn -0.2672 -0.6766 0.6862
vn -0.2655 -0.6480 0.7139
vn -0.4875 -0.5421 0.6845
vn -0.5019 -0.5609 0.6584
vn 0.0006 -0.6734 0.7393
vn -0.2741 -0.5904 0.7591
vn -0.2960 -0.6101 0.7350
vn -0.0159 -0.7014 0.7126
vn 0.2960 -0.6101 0.7350
vn 0.2741 -0.5904 0.7591
vn -0.0006 -0.6734 0.7393
vn 0.0159 -0.7014 0.7126
vn -0.0681 -0.8242 0.5622
vn -0.3812 -0.7118 0.5900
vn -0.4215 -0.7647 0.4874
vn -0.0960 -0.8847 0.4561
vn 0.4215 -0.7647 0.4874
vn 0.3812 -0.7118 0.5900
vn 0.0681 -0.8242 0.5622
vn 0.0960 -0.8847 0.4561
vn -0.6304 -0.4669 0.6202
vn -0.7529 -0.1614 0.6380
vn -0.8188 -0.1766 0.5463
vn -0.6844 -0.5065 0.5244
vn 0.8188 -0.1766 0.5463
vn 0.7529 -0.1614 0.6380
vn 0.6304 -0.4669 0.6202
vn 0.6844 -0.5065 0.5244
vn -0.5054 -0.3837 0.7729
vn -0.6152 -0.1285 0.7778
vn -0.6307 -0.1342 0.7644
vn -0.5235 -0.3964 0.7542
vn 0.6307 -0.1342 0.7644
vn 0.6152 -0.1285 0.7778
vn 0.5054 -0.3837 0.7729
vn 0.5235 -0.3964 0.7542
vn -0.6184 0.1266 0.7756
vn -0.5234 0.3803 0.7625
vn -0.5323 0.3942 0.7492
vn -0.6322 0.1331 0.7633
vn 0.5323 0.3942 0.7492
vn 0.5234 0.3803 0.7625
vn 0.6184 0.1266 0.7756
vn 0.6322 0.1331 0.7633
vn -0.7518 0.1598 0.6397
vn -0.6286 0.4587 0.6280
vn -0.6796 0.4923 0.5439
vn -0.8165 0.1740 0.5506
vn 0.6796 0.4923 0.5439
vn 0.6286 0.4587 0.6280
vn 0.7518 0.1598 0.6397
vn 0.8165 0.1740 0.5506
vn -0.3769 0.7006 0.6059
vn -0.0627 0.8108 0.5820
vn -0.0840 0.8595 0.5042
vn -0.4112 0.7444 0.5261
vn 0.0840 0.8595 0.5042
vn 0.0627 0.8108 0.5820
vn 0.3769 0.7006 0.6059
vn 0.4112 0.7444 0.5261
vn -0.2992 0.6064 0.7367
vn -0.0123 0.7040 0.7100
vn -0.0219 0.7152 0.6986
vn -0.3078 0.6170 0.7242
vn 0.0219 0.7152 0.6986
vn 0.0123 0.7040 0.7100
vn 0.2991 0.6064 0.7367
vn 0.3078 0.6170 0.7242
vn 0.2672 0.6776 0.6852
vn 0.5020 0.5568 0.6618
vn 0.5088 0.5671 0.6477
vn 0.2679 0.6899 0.6725
vn -0.5088 0.5671 0.6477
vn -0.5020 0.5568 0.6618
vn -0.2672 0.6776 0.6852
vn -0.2679 0.6899 0.6725
vn 0.2649 0.7834 0.5623
vn 0.5371 0.6411 0.5482
vn 0.5471 0.6833 0.4835
vn 0.2577 0.8329 0.4897
vn -0.5471 0.6833 0.4835
vn -0.5371 0.6411 0.5482
vn -0.2649 0.7834 0.5623
vn -0.2577 0.8329 0.4897
vn 0.7365 0.4107 0.5375
vn 0.8345 0.1440 0.5319
vn 0.8690 0.1542 0.4702
vn 0.7622 0.4381 0.4766
vn -0.8690 0.1542 0.4702
vn -0.8345 0.1440 0.5319
vn -0.7365 0.4107 0.5375
vn -0.7622 0.4381 0.4766
vn 0.6787 0.3475 0.6470
vn 0.7553 0.1171 0.6448
vn 0.7699 0.1247 0.6258
vn 0.6867 0.3609 0.6310
vn -0.7699 0.1247 0.6258
vn -0.7553 0.1171 0.6448
vn -0.6787 0.3475 0.6470
vn -0.6867 0.3609 0.6310
vn 0.8446 0.1331 0.5185
vn 0.7593 0.4093 0.5060
vn 0.6637 0.3209 0.6757
vn 0.7323 0.0945 0.6744
vn -0.6637 0.3209 0.6757
vn -0.7593 0.4093 0.5060
vn -0.8446 0.1331 0.5185
vn -0.7323 0.0945 0.6744
vn 0.5509 0.6738 0.4924
vn 0.2616 0.8351 0.4840
vn 0.2735 0.6921 0.6680
vn 0.5196 0.5288 0.6711
vn -0.2735 0.6921 0.6680
vn -0.2616 0.8351 0.4840
vn -0.5509 0.6738 0.4924
vn -0.5196 0.5288 0.6711
vn -0.0803 0.8661 0.4933
vn -0.4279 0.7364 0.5240
vn -0.3337 0.6168 0.7128
vn -0.0066 0.7313 0.6820
vn 0.3337 0.6168 0.7128
vn 0.4279 0.7364 0.5240
vn 0.0803 0.8661 0.4933
vn 0.0066 0.7313 0.6820
vn -0.6922 0.4694 0.5482
vn -0.8180 0.1613 0.5521
vn -0.6933 0.1312 0.7086
vn -0.5596 0.4091 0.7207
vn 0.6933 0.1312 0.7086
vn 0.8180 0.1613 0.5521
vn 0.6922 0.4694 0.5482
vn 0.5596 0.4091 0.7207
vn -0.8151 -0.1656 0.5552
vn -0.6706 -0.4843 0.5619
vn -0.5547 -0.4329 0.7106
vn -0.6942 -0.1358 0.7068
vn 0.5547 -0.4329 0.7106
vn 0.6706 -0.4843 0.5619
vn 0.8151 -0.1656 0.5552
vn 0.6942 -0.1358 0.7068
vn -0.3993 -0.7319 0.5522
vn -0.0662 -0.8452 0.5303
vn -0.0134 -0.7535 0.6573
vn -0.3323 -0.6400 0.6928
vn 0.0134 -0.7535 0.6573
vn 0.0662 -0.8452 0.5303
vn 0.3993 -0.7319 0.5522
vn 0.3323 -0.6400 0.6928
vn 0.2620 -0.8132 0.5197
vn 0.5341 -0.6673 0.5191
vn 0.5145 -0.5519 0.6563
vn 0.2706 -0.7145 0.6452
vn -0.5145 -0.5518 0.6563
vn -0.5341 -0.6673 0.5191
vn -0.2620 -0.8132 0.5197
vn -0.2706 -0.7145 0.6452
vn 0.7438 -0.4218 0.5184
vn 0.8426 -0.1366 0.5209
vn 0.7328 -0.0979 0.6733
vn 0.6598 -0.3411 0.6696
vn -0.7328 -0.0979 0.6733
vn -0.8426 -0.1366 0.5209
vn -0.7438 -0.4218 0.5184
vn -0.6598 -0.3411 0.6696
vn 0.3167 -0.0325 0.9480
vn 0.4268 -0.1578 0.8905
vn 0.4708 -0.0292 0.8818
vn -0.4708 -0.0292 0.8818
vn -0.4268 -0.1578 0.8905
vn -0.3167 -0.0325 0.9480
vn 0.2458 -0.2986 0.9222
vn 0.3815 -0.2205 0.8977
vn 0.2617 -0.0893 0.9610
vn -0.2617 -0.0893 0.9610
vn -0.3815 -0.2205 0.8977
vn -0.2458 -0.2986 0.9222
vn 0.1411 -0.0877 0.9861
vn -0.0379 -0.2407 0.9699
vn 0.1467 -0.3087 0.9398
vn -0.1467 -0.3087 0.9398
vn 0.0379 -0.2407 0.9699
vn -0.1411 -0.0877 0.9861
vn 0.0543 -0.0153 0.9984
vn -0.1779 -0.0228 0.9838
vn -0.1125 -0.1687 0.9792
vn 0.1125 -0.1687 0.9792
vn 0.1779 -0.0228 0.9838
vn -0.0543 -0.0153 0.9984
vn 0.0542 0.0147 0.9984
vn -0.1115 0.1576 0.9812
vn -0.1775 0.0220 0.9839
vn 0.1775 0.0220 0.9839
vn 0.1115 0.1576 0.9812
vn -0.0542 0.0147 0.9984
vn 0.1412 0.0840 0.9864
vn 0.1500 0.2902 0.9452
vn -0.0345 0.2261 0.9735
vn 0.0345 0.2261 0.9735
vn -0.1500 0.2902 0.9451
vn -0.1412 0.0840 0.9864
vn 0.2617 0.0855 0.9613
vn 0.3801 0.2073 0.9014
vn 0.2451 0.2808 0.9279
vn -0.2451 0.2808 0.9279
vn -0.3801 0.2073 0.9014
vn -0.2617 0.0855 0.9613
vn 0.3169 0.0312 0.9479
vn 0.4704 0.0283 0.8820
vn 0.4266 0.1474 0.8923
vn -0.4266 0.1474 0.8923
vn -0.4704 0.0283 0.8820
vn -0.3169 0.0312 0.9479
vn 0.1320 -0.9565 0.2602
vn 0.1300 -0.8442 0.5200
vn 0.0511 -0.8511 0.5225
vn 0.0537 -0.9589 0.2787
vn -0.0511 -0.8511 0.5225
vn -0.1300 -0.8442 0.5200
vn -0.1320 -0.9565 0.2602
vn -0.0537 -0.9589 0.2787
vn 0.3834 -0.8751 0.2954
vn 0.3511 -0.7005 0.6213
vn 0.2034 -0.8186 0.5371
vn 0.1981 -0.9479 0.2494
vn -0.2034 -0.8186 0.5371
vn -0.3511 -0.7005 0.6213
vn -0.3834 -0.8751 0.2954
vn -0.1981 -0.9479 0.2494
vn 0.8937 -0.2258 0.3876
vn 0.6151 -0.2927 0.7321
vn 0.5085 -0.4885 0.7091
vn 0.7083 -0.5897 0.3881
vn -0.5085 -0.4885 0.7091
vn -0.6151 -0.2927 0.7321
vn -0.8937 -0.2258 0.3876
vn -0.7083 -0.5897 0.3881
vn 0.9361 0.0620 0.3462
vn 0.7088 -0.0144 0.7053
vn 0.6850 -0.1287 0.7171
vn 0.9353 -0.0282 0.3528
vn -0.6850 -0.1287 0.7171
vn -0.7088 -0.0144 0.7053
vn -0.9361 0.0620 0.3462
vn -0.9353 -0.0282 0.3528
vn 0.9204 0.1581 0.3577
vn 0.7273 0.0943 0.6798
vn 0.7130 0.0472 0.6996
vn 0.9289 0.1094 0.3538
vn -0.7130 0.0472 0.6996
vn -0.7273 0.0943 0.6798
vn -0.9204 0.1581 0.3577
vn -0.9289 0.1094 0.3538
vn 0.4024 -0.8276 0.3914
vn 0.3441 -0.8389 0.4218
vn 0.3711 -0.6846 0.6274
vn 0.4058 -0.6599 0.6323
vn -0.3711 -0.6846 0.6274
vn -0.3441 -0.8389 0.4218
vn -0.4024 -0.8276 0.3914
vn -0.4058 -0.6599 0.6323
vn 0.4050 -0.7987 0.4451
vn 0.5286 -0.7287 0.4354
vn 0.4783 -0.5774 0.6617
vn 0.3981 -0.6517 0.6456
vn -0.4783 -0.5774 0.6617
vn -0.5286 -0.7287 0.4354
vn -0.4050 -0.7987 0.4451
vn -0.3981 -0.6517 0.6456
vn 0.6697 -0.6188 0.4106
vn 0.7694 -0.4848 0.4159
vn 0.6531 -0.3831 0.6532
vn 0.5911 -0.4698 0.6556
vn -0.6531 -0.3831 0.6532
vn -0.7694 -0.4848 0.4159
vn -0.6697 -0.6188 0.4106
vn -0.5911 -0.4698 0.6556
vn 0.8239 -0.3516 0.4444
vn 0.8637 -0.1731 0.4734
vn 0.6244 -0.2917 0.7246
vn 0.6511 -0.3382 0.6794
vn -0.6244 -0.2917 0.7246
vn -0.8637 -0.1731 0.4734
vn -0.8239 -0.3516 0.4444
vn -0.6511 -0.3382 0.6794
vn 0.8164 0.2963 0.4956
vn 0.5544 0.7105 0.4334
vn 0.5167 0.2094 0.8302
vn 0.6044 -0.1236 0.7870
vn -0.5167 0.2094 0.8302
vn -0.5544 0.7105 0.4334
vn -0.8164 0.2963 0.4956
vn -0.6044 -0.1236 0.7870
vn 0.5177 0.7678 0.3774
vn 0.5557 0.7437 0.3716
vn 0.4592 0.3923 0.7971
vn 0.4647 0.3728 0.8031
vn -0.4592 0.3922 0.7971
vn -0.5557 0.7437 0.3716
vn -0.5177 0.7678 0.3774
vn -0.4647 0.3728 0.8031
vn 0.5982 0.6960 0.3972
vn 0.5117 0.7420 0.4330
vn 0.3970 0.3641 0.8425
vn 0.4639 0.3616 0.8087
vn -0.3970 0.3641 0.8425
vn -0.5117 0.7420 0.4330
vn -0.5982 0.6960 0.3972
vn -0.4639 0.3616 0.8087
vn 0.1393 0.8610 0.4891
vn -0.4107 0.7745 0.4811
vn -0.1073 0.3504 0.9304
vn 0.1860 0.3829 0.9049
vn 0.1073 0.3504 0.9304
vn 0.4107 0.7745 0.4811
vn -0.1393 0.8610 0.4891
vn -0.1860 0.3829 0.9049
vn -0.7477 0.5356 0.3925
vn -0.8247 0.4589 0.3306
vn -0.4799 0.2607 0.8377
vn -0.3586 0.2812 0.8901
vn 0.4799 0.2607 0.8377
vn 0.8247 0.4589 0.3306
vn 0.7477 0.5356 0.3925
vn 0.3586 0.2812 0.8901
vn -0.7481 0.5751 0.3311
vn -0.3868 0.8274 0.4072
vn -0.2934 0.3715 0.8809
vn -0.4775 0.3076 0.8230
vn 0.2934 0.3715 0.8809
vn 0.3868 0.8274 0.4072
vn 0.7481 0.5751 0.3311
vn 0.4775 0.3076 0.8230
vn 0.3818 -0.3072 0.8717
vn 0.3576 -0.3190 0.8777
vn 0.2324 -0.1745 0.9568
vn 0.2012 -0.1795 0.9630
vn -0.2324 -0.1745 0.9568
vn -0.3576 -0.3190 0.8777
vn -0.3818 -0.3072 0.8717
vn -0.2012 -0.1795 0.9630
vn 0.2734 -0.3438 0.8984
vn 0.1616 -0.3689 0.9153
vn 0.1767 -0.2018 0.9633
vn 0.2123 -0.1882 0.9589
vn -0.1767 -0.2018 0.9633
vn -0.1616 -0.3689 0.9153
vn -0.2734 -0.3438 0.8984
vn -0.2123 -0.1882 0.9589
vn 0.0689 -0.3791 0.9228
vn 0.1455 -0.2241 0.9636
vn 0.1499 -0.2108 0.9660
vn 0.0742 -0.3756 0.9238
vn -0.1499 -0.2108 0.9660
vn -0.1455 -0.2241 0.9636
vn -0.0689 -0.3791 0.9228
vn -0.0742 -0.3756 0.9238
vn 0.0614 -0.4739 0.8784
vn 0.1654 -0.2986 0.9399
vn 0.1489 -0.2562 0.9551
vn 0.0802 -0.4239 0.9021
vn -0.1489 -0.2561 0.9551
vn -0.1654 -0.2986 0.9399
vn -0.0614 -0.4739 0.8784
vn -0.0802 -0.4239 0.9021
vn 0.1559 -0.2798 0.9473
vn 0.3201 -0.3325 0.8871
vn 0.2316 -0.3345 0.9135
vn 0.0758 -0.4189 0.9049
vn -0.2316 -0.3345 0.9135
vn -0.3201 -0.3325 0.8871
vn -0.1559 -0.2798 0.9473
vn -0.0758 -0.4189 0.9049
vn 0.3957 -0.1878 0.8990
vn 0.4976 -0.2759 0.8224
vn 0.4111 -0.2875 0.8651
vn 0.2810 -0.1911 0.9405
vn -0.4111 -0.2875 0.8651
vn -0.4976 -0.2759 0.8224
vn -0.3957 -0.1878 0.8990
vn -0.2810 -0.1911 0.9405
vn 0.4363 -0.2926 0.8509
vn 0.4893 -0.3468 0.8002
vn 0.5223 -0.2958 0.7998
vn 0.4432 -0.2356 0.8649
vn -0.5223 -0.2958 0.7998
vn -0.4893 -0.3468 0.8002
vn -0.4363 -0.2926 0.8509
vn -0.4432 -0.2356 0.8649
vn 0.3294 -0.3687 0.8692
vn 0.3740 -0.4684 0.8004
vn 0.4284 -0.4343 0.7924
vn 0.4004 -0.3659 0.8401
vn -0.4284 -0.4343 0.7924
vn -0.3740 -0.4684 0.8004
vn -0.3294 -0.3687 0.8692
vn -0.4004 -0.3659 0.8401
vn 0.2520 -0.0625 0.9657
vn 0.3388 -0.1946 0.9205
vn 0.3568 -0.3828 0.8521
vn 0.2911 -0.2083 0.9337
vn -0.3568 -0.3828 0.8521
vn -0.3388 -0.1946 0.9205
vn -0.2520 -0.0625 0.9657
vn -0.2911 -0.2083 0.9337
vn 0.0732 0.0278 0.9969
vn -0.0697 0.0455 0.9965
vn -0.0939 0.0984 0.9907
vn 0.0359 0.0043 0.9993
vn 0.0939 0.0984 0.9907
vn 0.0697 0.0455 0.9965
vn -0.0732 0.0278 0.9969
vn -0.0359 0.0043 0.9993
vn 0.3329 -0.2872 0.8982
vn 0.1299 -0.2069 0.9697
vn 0.0913 -0.2181 0.9716
vn 0.2471 -0.2373 0.9395
vn -0.0913 -0.2181 0.9716
vn -0.1299 -0.2069 0.9697
vn -0.3329 -0.2872 0.8982
vn -0.2471 -0.2373 0.9395
vn 0.1550 -0.1983 0.9678
vn 0.0737 -0.2413 0.9676
vn 0.0473 -0.2518 0.9666
vn 0.0581 -0.1896 0.9801
vn -0.0473 -0.2518 0.9666
vn -0.0737 -0.2413 0.9676
vn -0.1550 -0.1983 0.9678
vn -0.0581 -0.1896 0.9801
vn -0.0120 -0.0527 0.9985
vn -0.0521 -0.0816 0.9953
vn -0.0128 -0.1716 0.9851
vn 0.0168 -0.2009 0.9795
vn 0.0128 -0.1716 0.9851
vn 0.0521 -0.0816 0.9953
vn 0.0120 -0.0527 0.9985
vn -0.0168 -0.2009 0.9795
vn 0.0932 -0.6466 0.7571
vn 0.0304 -0.6732 0.7388
vn 0.0427 -0.7618 0.6464
vn 0.1145 -0.7417 0.6609
vn -0.0427 -0.7618 0.6464
vn -0.0304 -0.6732 0.7388
vn -0.0932 -0.6466 0.7571
vn -0.1145 -0.7417 0.6609
vn 0.2547 -0.4366 0.8628
vn 0.1636 -0.5714 0.8042
vn 0.1891 -0.6828 0.7057
vn 0.3043 -0.5378 0.7862
vn -0.1891 -0.6828 0.7057
vn -0.1636 -0.5714 0.8042
vn -0.2547 -0.4366 0.8628
vn -0.3043 -0.5378 0.7862
vn 0.3213 -0.1914 0.9274
vn 0.3200 -0.2955 0.9002
vn 0.3886 -0.3757 0.8413
vn 0.4236 -0.2642 0.8665
vn -0.3886 -0.3757 0.8413
vn -0.3200 -0.2955 0.9002
vn -0.3213 -0.1914 0.9274
vn -0.4236 -0.2642 0.8665
vn 0.4889 0.0247 0.8720
vn 0.2708 -0.0165 0.9625
vn 0.2764 -0.0363 0.9604
vn 0.4808 -0.0060 0.8768
vn -0.2764 -0.0363 0.9604
vn -0.2708 -0.0165 0.9625
vn -0.4889 0.0247 0.8720
vn -0.4808 -0.0060 0.8768
vn 0.2990 -0.1377 0.9443
vn 0.4572 -0.1612 0.8746
vn 0.4808 -0.0570 0.8750
vn 0.2907 -0.0647 0.9546
vn -0.4808 -0.0570 0.8750
vn -0.4572 -0.1612 0.8746
vn -0.2990 -0.1377 0.9443
vn -0.2907 -0.0647 0.9546
vn 0.1241 -0.0670 0.9900
vn 0.0240 -0.0680 0.9974
vn 0.0184 -0.0064 0.9998
vn 0.1151 -0.0051 0.9933
vn -0.0184 -0.0064 0.9998
vn -0.0240 -0.0680 0.9974
vn -0.1241 -0.0670 0.9900
vn -0.1151 -0.0051 0.9933
vn 0.1168 -0.0506 0.9919
vn 0.1156 -0.0340 0.9927
vn 0.0185 -0.0405 0.9990
vn 0.0181 -0.0553 0.9983
vn -0.0185 -0.0405 0.9990
vn -0.1156 -0.0340 0.9927
vn -0.1168 -0.0506 0.9919
vn -0.0181 -0.0553 0.9983
vn 0.0218 -0.0729 0.9971
vn 0.1342 -0.0829 0.9875
vn 0.1269 -0.0531 0.9905
vn 0.0203 -0.0461 0.9987
vn -0.1269 -0.0531 0.9905
vn -0.1342 -0.0829 0.9875
vn -0.0218 -0.0729 0.9971
vn -0.0203 -0.0461 0.9987
vn 0.8908 -0.2815 0.3566
vn 0.9264 -0.3520 0.1337
vn 0.6448 -0.6955 0.3171
vn 0.6029 -0.4740 0.6417
vn -0.6448 -0.6955 0.3171
vn -0.9264 -0.3520 0.1337
vn -0.8908 -0.2815 0.3566
vn -0.6029 -0.4740 0.6417
vn 0.8329 0.5246 0.1759
vn 0.8651 0.4993 -0.0466
vn 0.9935 0.1048 0.0447
vn 0.9717 0.1269 0.1992
vn -0.9935 0.1048 0.0447
vn -0.8651 0.4993 -0.0466
vn -0.8329 0.5246 0.1759
vn -0.9717 0.1269 0.1992
vn -0.0778 0.6514 0.7547
vn -0.1344 0.9868 0.0905
vn 0.4314 0.8955 -0.1093
vn 0.3524 0.7767 0.5220
vn -0.4314 0.8955 -0.1093
vn 0.1344 0.9868 0.0905
vn 0.0778 0.6514 0.7548
vn -0.3524 0.7767 0.5220
vn -0.5774 0.6131 0.5392
vn -0.5690 0.8100 0.1418
vn -0.5857 0.7497 0.3080
vn -0.3525 0.3896 0.8509
vn 0.5857 0.7497 0.3080
vn 0.5690 0.8100 0.1418
vn 0.5774 0.6131 0.5392
vn 0.3525 0.3896 0.8509
vn 0.0951 -0.4702 0.8774
vn 0.2846 -0.4919 0.8228
vn 0.4156 -0.7816 0.4651
vn 0.1712 -0.8309 0.5294
vn -0.4156 -0.7816 0.4651
vn -0.2846 -0.4919 0.8228
vn -0.0951 -0.4702 0.8774
vn -0.1712 -0.8309 0.5294
vn 0.1483 -0.7463 0.6489
vn 0.3436 -0.7253 0.5966
vn 0.2190 -0.6005 0.7691
vn 0.0889 -0.5508 0.8299
vn -0.2190 -0.6005 0.7691
vn -0.3436 -0.7253 0.5966
vn -0.1483 -0.7463 0.6489
vn -0.0889 -0.5508 0.8299
vn -0.4226 0.8343 0.3540
vn -0.2218 0.5313 0.8176
vn -0.2963 0.5786 0.7598
vn -0.4952 0.7603 0.4204
vn 0.2963 0.5786 0.7598
vn 0.2218 0.5313 0.8176
vn 0.4226 0.8343 0.3540
vn 0.4952 0.7603 0.4204
vn -0.1131 0.9189 0.3780
vn -0.0287 0.6631 0.7479
vn 0.2606 0.6038 0.7533
vn 0.4246 0.8456 0.3236
vn -0.2606 0.6038 0.7533
vn 0.0287 0.6632 0.7479
vn 0.1131 0.9189 0.3780
vn -0.4246 0.8456 0.3236
vn 0.8099 0.4711 0.3495
vn 0.5218 0.3500 0.7780
vn 0.5040 0.0718 0.8607
vn 0.9108 0.1023 0.4001
vn -0.5040 0.0718 0.8607
vn -0.5218 0.3500 0.7780
vn -0.8099 0.4711 0.3495
vn -0.9108 0.1023 0.4001
vn 0.8078 -0.3862 0.4453
vn 0.4118 -0.3282 0.8501
vn 0.3141 -0.5824 0.7498
vn 0.5062 -0.6933 0.5130
vn -0.3141 -0.5824 0.7498
vn -0.4118 -0.3282 0.8501
vn -0.8078 -0.3862 0.4453
vn -0.5062 -0.6933 0.5130
vn -0.0096 0.1590 0.9872
vn 0.1295 0.0625 0.9896
vn 0.1560 0.2937 0.9431
vn -0.0173 0.3518 0.9359
vn -0.1560 0.2937 0.9431
vn -0.1295 0.0624 0.9896
vn 0.0096 0.1590 0.9872
vn 0.0173 0.3518 0.9359
vn -0.0172 -0.1481 0.9888
vn 0.0330 -0.3872 0.9214
vn 0.1178 -0.4467 0.8869
vn 0.0955 -0.2333 0.9677
vn -0.1178 -0.4467 0.8869
vn -0.0330 -0.3872 0.9214
vn 0.0172 -0.1481 0.9888
vn -0.0955 -0.2333 0.9677
vn -0.0824 0.0079 0.9966
vn -0.1693 -0.0894 0.9815
vn -0.0018 0.0194 0.9998
vn -0.1482 0.0169 0.9888
vn 0.0018 0.0194 0.9998
vn 0.1693 -0.0894 0.9815
vn 0.0824 0.0079 0.9966
vn 0.1482 0.0169 0.9888
vn 0.1003 -0.0880 0.9910
vn 0.6257 -0.0497 0.7785
vn 0.7408 -0.0948 0.6650
vn 0.4400 -0.1871 0.8783
vn -0.7408 -0.0948 0.6650
vn -0.6257 -0.0498 0.7785
vn -0.1003 -0.0880 0.9910
vn -0.4400 -0.1871 0.8783
vn 0.6450 -0.1751 0.7438
vn 0.4574 -0.1830 0.8702
vn 0.6685 0.0089 0.7436
vn 0.7448 -0.0644 0.6642
vn -0.6685 0.0089 0.7436
vn -0.4574 -0.1830 0.8702
vn -0.6450 -0.1751 0.7438
vn -0.7448 -0.0644 0.6642
vn 0.3356 -0.0302 0.9415
vn 0.2778 0.0082 0.9606
vn 0.5189 0.0614 0.8526
vn 0.5804 0.0725 0.8111
vn -0.5189 0.0614 0.8526
vn -0.2778 0.0082 0.9606
vn -0.3356 -0.0302 0.9415
vn -0.5804 0.0725 0.8111
vn 0.9069 0.2358 0.3491
vn 0.8977 0.2969 0.3256
vn 0.7929 0.2062 0.5733
vn 0.7549 0.1580 0.6365
vn -0.7929 0.2062 0.5733
vn -0.8977 0.2969 0.3256
vn -0.9069 0.2358 0.3491
vn -0.7549 0.1580 0.6365
vn 0.9094 0.2829 0.3048
vn 0.9263 0.2419 0.2888
vn 0.8815 0.1166 0.4575
vn 0.8393 0.1847 0.5113
vn -0.8815 0.1166 0.4575
vn -0.9263 0.2419 0.2888
vn -0.9094 0.2829 0.3048
vn -0.8393 0.1847 0.5113
vn 0.7756 -0.5172 0.3618
vn 0.7739 -0.2991 0.5583
vn 0.9019 0.0164 0.4317
vn 0.9526 0.1103 0.2834
vn -0.9019 0.0164 0.4317
vn -0.7739 -0.2991 0.5583
vn -0.7756 -0.5172 0.3618
vn -0.9526 0.1103 0.2834
vn 0.0821 -0.2370 0.9680
vn 0.0372 -0.3492 0.9363
vn 0.0844 -0.8806 0.4662
vn -0.0308 -0.8703 0.4916
vn -0.0844 -0.8806 0.4662
vn -0.0372 -0.3492 0.9363
vn -0.0821 -0.2370 0.9680
vn 0.0308 -0.8703 0.4916
vn 0.1784 -0.2543 0.9505
vn 0.1686 -0.1802 0.9691
vn -0.6184 -0.4858 0.6177
vn -0.7183 -0.0864 0.6903
vn 0.6184 -0.4858 0.6177
vn -0.1686 -0.1802 0.9691
vn -0.1784 -0.2543 0.9505
vn 0.7183 -0.0864 0.6903
vn 0.0416 -0.3966 0.9170
vn 0.1094 -0.3458 0.9319
vn -0.6404 0.1454 0.7542
vn -0.5087 0.3706 0.7771
vn 0.6404 0.1454 0.7542
vn -0.1094 -0.3458 0.9319
vn -0.0416 -0.3966 0.9170
vn 0.5087 0.3706 0.7771
vn 0.0008 -0.3939 0.9191
vn 0.0108 -0.4003 0.9163
vn -0.3058 0.5757 0.7583
vn -0.0854 0.6695 0.7379
vn 0.3058 0.5757 0.7583
vn -0.0108 -0.4003 0.9163
vn -0.0008 -0.3939 0.9192
vn 0.0854 0.6695 0.7379
vn -0.0972 0.8861 0.4532
vn -0.3538 0.8355 0.4204
vn -0.2657 0.6517 0.7104
vn -0.0740 0.6243 0.7776
vn 0.2657 0.6517 0.7104
vn 0.3538 0.8355 0.4204
vn 0.0972 0.8861 0.4532
vn 0.0740 0.6243 0.7776
vn -0.6259 0.7020 0.3398
vn -0.8526 0.4647 0.2389
vn -0.8368 0.4911 0.2419
vn -0.5515 0.6661 0.5021
vn 0.8368 0.4911 0.2419
vn 0.8526 0.4647 0.2389
vn 0.6259 0.7020 0.3398
vn 0.5515 0.6661 0.5021
vn -0.9817 0.1045 0.1592
vn -0.8118 -0.5508 0.1939
vn -0.6476 -0.6403 0.4131
vn -0.9782 0.1090 0.1765
vn 0.6476 -0.6403 0.4131
vn 0.8118 -0.5508 0.1939
vn 0.9817 0.1045 0.1592
vn 0.9782 0.1090 0.1765
vn -0.0206 -0.9669 0.2545
vn 0.0902 -0.9607 0.2627
vn 0.0729 -0.8490 0.5233
vn 0.0243 -0.8643 0.5024
vn -0.0729 -0.8490 0.5233
vn -0.0902 -0.9607 0.2627
vn 0.0206 -0.9669 0.2545
vn -0.0243 -0.8643 0.5024
vn 0.0317 -0.4855 0.8737
vn -0.0095 -0.0665 0.9977
vn -0.0206 -0.0539 0.9983
vn 0.0540 -0.5045 0.8617
vn 0.0206 -0.0539 0.9983
vn 0.0095 -0.0665 0.9977
vn -0.0317 -0.4855 0.8737
vn -0.0541 -0.5045 0.8617
vn -0.1293 -0.5047 0.8536
vn -0.1375 0.0529 0.9891
vn -0.7919 0.1503 0.5918
vn 0.7919 0.1503 0.5918
vn 0.1375 0.0529 0.9891
vn 0.1293 -0.5047 0.8536
vn -0.1630 -0.1536 0.9746
vn -0.1841 -0.1531 0.9709
vn -0.2130 -0.1505 0.9654
vn -0.1613 -0.1159 0.9801
vn 0.2130 -0.1505 0.9654
vn 0.1841 -0.1531 0.9709
vn 0.1630 -0.1536 0.9746
vn 0.1613 -0.1159 0.9801
vn 0.0006 -0.0947 0.9955
vn -0.0960 -0.1171 0.9885
vn -0.1144 -0.0657 0.9913
vn -0.0598 -0.0361 0.9976
vn 0.1144 -0.0657 0.9913
vn 0.0960 -0.1171 0.9885
vn -0.0006 -0.0947 0.9955
vn 0.0598 -0.0361 0.9976
vn 0.1617 -0.1156 0.9800
vn 0.0894 -0.1018 0.9908
vn -0.0069 -0.0286 0.9996
vn 0.0349 -0.0130 0.9993
vn 0.0069 -0.0286 0.9996
vn -0.0894 -0.1018 0.9908
vn -0.1617 -0.1156 0.9800
vn -0.0349 -0.0130 0.9993
vn -0.1611 -0.1333 0.9779
vn -0.0201 -0.2093 0.9777
vn -0.1669 -0.4063 0.8984
vn -0.2577 -0.2130 0.9425
vn 0.1669 -0.4063 0.8984
vn 0.0201 -0.2092 0.9777
vn 0.1611 -0.1333 0.9779
vn 0.2577 -0.2130 0.9425
vn 0.1072 -0.3060 0.9460
vn 0.1660 -0.4350 0.8850
vn 0.1018 -0.5376 0.8370
vn -0.0263 -0.5217 0.8527
vn -0.1018 -0.5376 0.8370
vn -0.1660 -0.4350 0.8850
vn -0.1072 -0.3060 0.9460
vn 0.0263 -0.5217 0.8527
vn 0.2909 -0.5206 0.8027
vn 0.4340 -0.4628 0.7730
vn 0.4282 -0.4310 0.7943
vn 0.2718 -0.5107 0.8157
vn -0.4282 -0.4310 0.7943
vn -0.4340 -0.4628 0.7730
vn -0.2909 -0.5206 0.8027
vn -0.2718 -0.5107 0.8157
vn 0.4903 -0.3620 0.7929
vn 0.4923 -0.2566 0.8318
vn 0.4683 -0.1926 0.8623
vn 0.4874 -0.3165 0.8138
vn -0.4683 -0.1926 0.8623
vn -0.4923 -0.2566 0.8318
vn -0.4903 -0.3620 0.7929
vn -0.4874 -0.3165 0.8138
vn 0.4539 -0.1543 0.8776
vn 0.3849 -0.0992 0.9176
vn 0.4036 -0.0676 0.9124
vn 0.4263 -0.1112 0.8977
vn -0.4036 -0.0676 0.9124
vn -0.3849 -0.0992 0.9176
vn -0.4539 -0.1543 0.8776
vn -0.4263 -0.1112 0.8977
vn 0.3060 -0.0977 0.9470
vn 0.2667 -0.1489 0.9522
vn 0.4041 -0.0043 0.9147
vn 0.3886 -0.0276 0.9210
vn -0.4041 -0.0043 0.9147
vn -0.2667 -0.1489 0.9522
vn -0.3060 -0.0977 0.9470
vn -0.3886 -0.0276 0.9210
vn 0.2981 -0.1241 0.9464
vn 0.3097 -0.0071 0.9508
vn 0.4302 0.3211 0.8437
vn 0.4527 0.1204 0.8835
vn -0.4302 0.3211 0.8437
vn -0.3097 -0.0071 0.9508
vn -0.2981 -0.1241 0.9464
vn -0.4527 0.1204 0.8835
vn 0.2274 0.0050 0.9738
vn 0.1322 -0.0914 0.9870
vn 0.1449 0.2759 0.9502
vn 0.2999 0.3834 0.8735
vn -0.1449 0.2759 0.9502
vn -0.1322 -0.0914 0.9870
vn -0.2274 0.0050 0.9738
vn -0.2999 0.3834 0.8735
vn 0.1638 -0.1528 0.9746
vn 0.2185 -0.1491 0.9644
vn 0.1461 0.1402 0.9793
vn 0.1430 0.1706 0.9749
vn -0.1461 0.1402 0.9793
vn -0.2185 -0.1491 0.9644
vn -0.1638 -0.1528 0.9746
vn -0.1430 0.1706 0.9749
vn 0.2297 -0.1342 0.9640
vn 0.2117 -0.1243 0.9694
vn 0.0631 0.0323 0.9975
vn 0.0954 0.0953 0.9909
vn -0.0631 0.0323 0.9975
vn -0.2117 -0.1243 0.9694
vn -0.2297 -0.1342 0.9640
vn -0.0954 0.0953 0.9909
vn 0.1645 -0.0893 0.9823
vn 0.2204 -0.1730 0.9600
vn 0.3746 -0.4109 0.8312
vn 0.2500 -0.3485 0.9033
vn -0.3746 -0.4109 0.8312
vn -0.2204 -0.1730 0.9600
vn -0.1645 -0.0893 0.9823
vn -0.2500 -0.3485 0.9033
vn 0.1256 -0.0160 0.9920
vn 0.1793 -0.0099 0.9837
vn 0.2298 -0.2648 0.9365
vn 0.1435 -0.3218 0.9359
vn -0.2298 -0.2648 0.9365
vn -0.1793 -0.0099 0.9838
vn -0.1256 -0.0160 0.9920
vn -0.1435 -0.3218 0.9359
vn 0.1477 -0.0869 0.9852
vn 0.0325 -0.0346 0.9989
vn -0.0242 -0.4989 0.8663
vn -0.0623 -0.6969 0.7144
vn 0.0242 -0.4989 0.8663
vn -0.0325 -0.0346 0.9989
vn -0.1476 -0.0869 0.9852
vn 0.0623 -0.6969 0.7144
vn 0.2285 -0.4131 0.8815
vn 0.2682 -0.2804 0.9217
vn -0.0386 -0.7785 0.6265
vn -0.0474 -0.7309 0.6809
vn 0.0386 -0.7785 0.6265
vn -0.2682 -0.2804 0.9217
vn -0.2285 -0.4131 0.8815
vn 0.0474 -0.7309 0.6809
vn 0.0315 -0.1361 0.9902
vn 0.1121 -0.3255 0.9389
vn -0.1687 -0.5384 0.8256
vn -0.3150 -0.2242 0.9223
vn 0.1687 -0.5384 0.8256
vn -0.1121 -0.3255 0.9389
vn -0.0315 -0.1361 0.9902
vn 0.3150 -0.2242 0.9223
vn 0.0782 0.0478 0.9958
vn 0.0345 -0.0506 0.9981
vn -0.3272 -0.0184 0.9448
vn -0.2411 0.1871 0.9523
vn 0.3272 -0.0184 0.9448
vn -0.0345 -0.0506 0.9981
vn -0.0782 0.0478 0.9958
vn 0.2411 0.1871 0.9523
vn 0.2224 0.1028 0.9695
vn 0.1584 0.1207 0.9800
vn -0.1408 0.3486 0.9266
vn -0.1031 0.4547 0.8846
vn 0.1408 0.3486 0.9266
vn -0.1584 0.1207 0.9800
vn -0.2224 0.1028 0.9695
vn 0.1031 0.4547 0.8846
vn 0.2431 0.0134 0.9699
vn 0.2448 0.0478 0.9684
vn -0.0346 0.5365 0.8432
vn 0.1339 0.5637 0.8150
vn 0.0346 0.5364 0.8432
vn -0.2448 0.0478 0.9684
vn -0.2431 0.0134 0.9699
vn -0.1339 0.5637 0.8150
vn 0.2227 0.0512 0.9735
vn 0.2391 0.0096 0.9710
vn 0.2805 0.5484 0.7878
vn 0.3543 0.5513 0.7553
vn -0.2805 0.5484 0.7878
vn -0.2391 0.0096 0.9710
vn -0.2227 0.0512 0.9735
vn -0.3543 0.5513 0.7553
vn 0.2669 0.2129 0.9399
vn 0.2034 0.1614 0.9657
vn 0.4210 0.5377 0.7305
vn 0.5522 0.4320 0.7131
vn -0.4210 0.5377 0.7305
vn -0.2034 0.1614 0.9657
vn -0.2669 0.2129 0.9399
vn -0.5522 0.4320 0.7131
vn 0.3093 -0.1838 0.9330
vn 0.3787 -0.1515 0.9130
vn 0.6768 -0.2965 0.6739
vn 0.5379 -0.3789 0.7530
vn -0.6767 -0.2965 0.6739
vn -0.3787 -0.1515 0.9130
vn -0.3093 -0.1838 0.9330
vn -0.5379 -0.3789 0.7530
vn 0.4301 -0.0998 0.8972
vn 0.4624 -0.0447 0.8856
vn 0.7785 -0.0403 0.6264
vn 0.7612 -0.1630 0.6277
vn -0.7785 -0.0403 0.6264
vn -0.4624 -0.0447 0.8856
vn -0.4301 -0.0998 0.8972
vn -0.7612 -0.1630 0.6277
vn 0.4660 0.0164 0.8846
vn 0.4031 0.1197 0.9073
vn 0.6988 0.2386 0.6743
vn 0.7649 0.0685 0.6405
vn -0.6988 0.2386 0.6743
vn -0.4031 0.1197 0.9073
vn -0.4660 0.0164 0.8846
vn -0.7649 0.0685 0.6405
vn -0.3578 0.9329 0.0417
vn -0.7466 0.6604 -0.0803
vn -0.5685 0.7991 -0.1957
vn -0.2670 0.9559 0.1224
vn 0.5685 0.7991 -0.1957
vn 0.7466 0.6604 -0.0803
vn 0.3578 0.9329 0.0417
vn 0.2670 0.9559 0.1224
vn -0.8529 0.4945 -0.1676
vn -0.8094 0.5615 -0.1721
vn -0.6667 0.4415 -0.6005
vn -0.6784 0.4998 -0.5384
vn 0.6667 0.4415 -0.6005
vn 0.8094 0.5615 -0.1721
vn 0.8529 0.4945 -0.1676
vn 0.6784 0.4998 -0.5384
vn -0.5089 0.8466 -0.1558
vn 0.0449 0.9910 -0.1260
vn -0.0784 0.7856 -0.6137
vn -0.4250 0.6705 -0.6081
vn 0.0784 0.7856 -0.6137
vn -0.0449 0.9910 -0.1260
vn 0.5089 0.8466 -0.1558
vn 0.4250 0.6705 -0.6081
vn 0.4773 0.8734 -0.0966
vn 0.5625 0.8197 -0.1080
vn 0.3070 0.7260 -0.6154
vn 0.3006 0.7241 -0.6207
vn -0.3070 0.7260 -0.6154
vn -0.5625 0.8197 -0.1080
vn -0.4773 0.8734 -0.0966
vn -0.3006 0.7241 -0.6207
vn 0.4901 0.8662 -0.0977
vn 0.4382 0.8962 -0.0690
vn 0.3608 0.9014 -0.2396
vn 0.2716 0.8713 -0.4087
vn -0.3608 0.9014 -0.2396
vn -0.4382 0.8962 -0.0690
vn -0.4901 0.8662 -0.0977
vn -0.2716 0.8713 -0.4087
vn 0.4512 0.8907 -0.0552
vn 0.7696 0.6339 -0.0769
vn 0.6780 0.6820 -0.2743
vn 0.3994 0.8903 -0.2188
vn -0.6780 0.6820 -0.2743
vn -0.7696 0.6339 -0.0769
vn -0.4512 0.8907 -0.0552
vn -0.3994 0.8903 -0.2188
vn 0.9917 0.1024 -0.0783
vn 0.9645 -0.2586 -0.0540
vn 0.9687 -0.1835 -0.1671
vn 0.9364 0.2296 -0.2655
vn -0.9687 -0.1835 -0.1671
vn -0.9645 -0.2586 -0.0540
vn -0.9917 0.1024 -0.0783
vn -0.9364 0.2296 -0.2655
vn 0.8247 -0.5645 -0.0345
vn 0.6658 -0.7458 -0.0204
vn 0.6784 -0.7337 -0.0372
vn 0.8378 -0.5390 -0.0870
vn -0.6784 -0.7337 -0.0372
vn -0.6658 -0.7458 -0.0204
vn -0.8247 -0.5645 -0.0345
vn -0.8378 -0.5390 -0.0870
vn 0.5389 -0.8423 0.0006
vn 0.4111 -0.9109 0.0359
vn 0.4152 -0.9095 -0.0197
vn 0.5426 -0.8397 -0.0210
vn -0.4152 -0.9095 -0.0197
vn -0.4111 -0.9109 0.0359
vn -0.5389 -0.8423 0.0006
vn -0.5426 -0.8397 -0.0210
vn 0.1075 -0.3586 -0.9273
vn 0.1147 -0.6431 -0.7571
vn 0.4009 -0.6175 -0.6767
vn 0.3207 -0.3662 -0.8735
vn -0.4009 -0.6175 -0.6767
vn -0.1147 -0.6431 -0.7571
vn -0.1075 -0.3586 -0.9273
vn -0.3207 -0.3662 -0.8735
vn 0.0915 -0.1950 -0.9765
vn 0.1075 -0.1758 -0.9785
vn 0.2451 -0.1580 -0.9565
vn 0.1783 -0.1491 -0.9726
vn -0.2451 -0.1580 -0.9565
vn -0.1075 -0.1758 -0.9785
vn -0.0915 -0.1950 -0.9765
vn -0.1783 -0.1491 -0.9726
vn 0.0363 -0.5973 -0.8012
vn 0.0634 -0.3677 -0.9278
vn 0.1101 -0.3016 -0.9471
vn 0.0529 -0.5362 -0.8424
vn -0.1101 -0.3016 -0.9471
vn -0.0634 -0.3677 -0.9278
vn -0.0363 -0.5973 -0.8012
vn -0.0529 -0.5362 -0.8424
vn 0.1112 -0.9898 -0.0893
vn 0.0488 -0.9972 -0.0569
vn 0.0365 -0.8747 -0.4834
vn 0.0669 -0.8467 -0.5279
vn -0.0365 -0.8747 -0.4834
vn -0.0488 -0.9972 -0.0569
vn -0.1112 -0.9898 -0.0893
vn -0.0669 -0.8467 -0.5279
vn 0.3763 -0.9126 -0.1597
vn 0.1584 -0.9795 -0.1244
vn 0.0772 -0.8092 -0.5824
vn 0.2585 -0.7458 -0.6139
vn -0.0772 -0.8092 -0.5824
vn -0.1583 -0.9795 -0.1244
vn -0.3763 -0.9126 -0.1597
vn -0.2585 -0.7458 -0.6139
vn 0.9899 -0.0506 -0.1327
vn 0.8468 -0.5054 -0.1659
vn 0.7059 -0.3130 -0.6353
vn 0.8058 0.0283 -0.5915
vn -0.7059 -0.3130 -0.6353
vn -0.8468 -0.5054 -0.1659
vn -0.9899 -0.0506 -0.1327
vn -0.8058 0.0283 -0.5915
vn 0.9815 0.1322 -0.1385
vn 0.9865 0.0913 -0.1358
vn 0.8317 0.1242 -0.5411
vn 0.8498 0.1340 -0.5098
vn -0.8317 0.1242 -0.5411
vn -0.9865 0.0913 -0.1358
vn -0.9815 0.1322 -0.1385
vn -0.8498 0.1340 -0.5098
vn 0.4296 0.0265 -0.9026
vn 0.1948 -0.0813 -0.9775
vn 0.3152 -0.0927 -0.9445
vn 0.5421 0.0320 -0.8397
vn -0.3152 -0.0927 -0.9445
vn -0.1948 -0.0813 -0.9775
vn -0.4296 0.0265 -0.9026
vn -0.5421 0.0320 -0.8397
vn 0.3158 -0.0861 -0.9449
vn 0.1964 -0.3426 -0.9187
vn 0.0369 -0.4509 -0.8918
vn 0.1018 -0.2098 -0.9724
vn -0.0369 -0.4509 -0.8918
vn -0.1964 -0.3426 -0.9187
vn -0.3158 -0.0861 -0.9449
vn -0.1018 -0.2098 -0.9724
vn 0.8468 -0.0958 -0.5232
vn 0.6887 -0.0458 -0.7236
vn 0.5078 -0.2611 -0.8210
vn 0.7041 -0.4191 -0.5732
vn -0.5078 -0.2611 -0.8210
vn -0.6887 -0.0458 -0.7236
vn -0.8468 -0.0958 -0.5232
vn -0.7041 -0.4191 -0.5732
vn 0.9801 0.1739 -0.0955
vn 0.9810 0.1429 -0.1311
vn 0.8750 0.1095 -0.4715
vn 0.9135 0.1155 -0.3900
vn -0.8750 0.1095 -0.4715
vn -0.9810 0.1429 -0.1311
vn -0.9801 0.1739 -0.0955
vn -0.9135 0.1155 -0.3900
vn 0.9608 0.2668 0.0752
vn 0.9901 -0.0795 0.1154
vn 0.9302 -0.0521 0.3634
vn 0.9559 0.2609 0.1349
vn -0.9302 -0.0521 0.3634
vn -0.9901 -0.0795 0.1154
vn -0.9608 0.2668 0.0752
vn -0.9559 0.2609 0.1349
vn 0.9684 0.2462 -0.0392
vn 0.9471 0.1563 -0.2804
vn 0.9946 0.0053 -0.1041
vn 0.9566 0.2910 0.0162
vn -0.9946 0.0053 -0.1041
vn -0.9471 0.1563 -0.2804
vn -0.9684 0.2462 -0.0392
vn -0.9566 0.2910 0.0162
vn 0.7562 -0.6338 0.1626
vn 0.9772 0.1338 0.1649
vn 0.8711 -0.0962 0.4817
vn 0.7094 -0.6881 0.1524
vn -0.8711 -0.0962 0.4817
vn -0.9772 0.1338 0.1649
vn -0.7562 -0.6338 0.1626
vn -0.7094 -0.6881 0.1524
vn 0.3775 -0.9167 0.1307
vn 0.3729 -0.9266 -0.0488
vn 0.3135 -0.9496 -0.0043
vn 0.3243 -0.9420 0.0860
vn -0.3135 -0.9496 -0.0043
vn -0.3729 -0.9266 -0.0488
vn -0.3775 -0.9167 0.1307
vn -0.3243 -0.9420 0.0860
vn 0.1597 -0.3638 -0.9177
vn 0.3496 -0.3692 -0.8611
vn 0.3425 -0.6110 -0.7137
vn 0.1505 -0.6210 -0.7692
vn -0.3425 -0.6110 -0.7137
vn -0.3496 -0.3692 -0.8611
vn -0.1597 -0.3638 -0.9177
vn -0.1505 -0.6210 -0.7692
vn 0.1427 -0.8025 -0.5793
vn 0.3542 -0.7753 -0.5230
vn 0.3587 -0.8689 -0.3412
vn 0.1356 -0.9115 -0.3883
vn -0.3587 -0.8689 -0.3412
vn -0.3542 -0.7753 -0.5230
vn -0.1427 -0.8025 -0.5793
vn -0.1356 -0.9115 -0.3883
vn 0.1346 -0.9630 -0.2336
vn 0.3711 -0.9103 -0.1832
vn 0.4258 -0.8998 -0.0951
vn 0.1462 -0.9750 -0.1676
vn -0.4258 -0.8998 -0.0951
vn -0.3711 -0.9103 -0.1832
vn -0.1346 -0.9630 -0.2336
vn -0.1462 -0.9750 -0.1676
vn 0.1548 -0.9686 -0.1946
vn 0.4672 -0.8722 -0.1447
vn 0.4623 -0.8071 -0.3673
vn 0.1437 -0.8940 -0.4244
vn -0.4623 -0.8071 -0.3673
vn -0.4672 -0.8722 -0.1447
vn -0.1548 -0.9686 -0.1946
vn -0.1437 -0.8940 -0.4244
vn 0.9453 -0.1173 -0.3045
vn 0.8067 -0.5193 -0.2820
vn 0.7634 -0.6459 0.0015
vn 0.9289 -0.3686 -0.0363
vn -0.7634 -0.6459 0.0015
vn -0.8067 -0.5193 -0.2820
vn -0.9453 -0.1173 -0.3045
vn -0.9289 -0.3686 -0.0363
vn 0.8818 -0.4606 0.1013
vn 0.7346 -0.6614 0.1515
vn 0.7845 -0.5913 0.1870
vn 0.9224 -0.3561 0.1498
vn -0.7845 -0.5913 0.1870
vn -0.7346 -0.6614 0.1515
vn -0.8818 -0.4606 0.1013
vn -0.9224 -0.3561 0.1498
vn 0.1606 0.1435 -0.9765
vn 0.3605 0.0891 -0.9285
vn 0.3535 -0.1752 -0.9189
vn 0.1598 -0.1324 -0.9782
vn -0.3535 -0.1752 -0.9189
vn -0.3605 0.0891 -0.9285
vn -0.1606 0.1435 -0.9765
vn -0.1598 -0.1324 -0.9782
vn 0.0713 0.9036 0.4223
vn 0.2536 0.8709 0.4210
vn 0.2210 0.9664 0.1316
vn 0.0593 0.9898 0.1295
vn -0.2210 0.9664 0.1316
vn -0.2536 0.8709 0.4210
vn -0.0713 0.9036 0.4223
vn -0.0593 0.9898 0.1295
vn 0.0603 0.9920 -0.1106
vn 0.2114 0.9706 -0.1153
vn 0.2446 0.8784 -0.4105
vn 0.0860 0.9182 -0.3866
vn -0.2446 0.8784 -0.4105
vn -0.2114 0.9706 -0.1153
vn -0.0603 0.9920 -0.1106
vn -0.0860 0.9182 -0.3866
vn 0.1314 0.7358 -0.6643
vn 0.3131 0.6733 -0.6698
vn 0.3601 0.4207 -0.8327
vn 0.1594 0.4796 -0.8629
vn -0.3601 0.4207 -0.8327
vn -0.3131 0.6733 -0.6698
vn -0.1314 0.7358 -0.6643
vn -0.1594 0.4796 -0.8629
vn 0.4351 0.8922 -0.1208
vn 0.6902 0.7025 -0.1732
vn 0.7306 0.6718 0.1224
vn 0.5091 0.8356 0.2064
vn -0.7306 0.6718 0.1224
vn -0.6902 0.7025 -0.1732
vn -0.4351 0.8922 -0.1208
vn -0.5091 0.8356 0.2064
vn 0.5265 0.6820 0.5077
vn 0.7182 0.5619 0.4105
vn 0.7195 0.5436 0.4323
vn 0.5650 0.6467 0.5125
vn -0.7195 0.5436 0.4323
vn -0.7182 0.5619 0.4105
vn -0.5265 0.6820 0.5077
vn -0.5650 0.6467 0.5125
vn 0.6419 0.7042 0.3034
vn 0.7795 0.5779 0.2416
vn 0.8226 0.5674 0.0363
vn 0.6834 0.7268 0.0686
vn -0.8226 0.5674 0.0363
vn -0.7795 0.5779 0.2416
vn -0.6419 0.7042 0.3034
vn -0.6834 0.7268 0.0686
vn 0.6961 0.7050 -0.1357
vn 0.8406 0.5276 -0.1225
vn 0.8171 0.4705 -0.3331
vn 0.6750 0.6098 -0.4153
vn -0.8171 0.4705 -0.3331
vn -0.8406 0.5276 -0.1225
vn -0.6961 0.7050 -0.1357
vn -0.6750 0.6098 -0.4153
vn 0.7383 0.0970 -0.6675
vn 0.6153 0.1347 -0.7767
vn 0.6283 0.3870 -0.6749
vn 0.7775 0.2729 -0.5665
vn -0.6283 0.3870 -0.6749
vn -0.6153 0.1347 -0.7767
vn -0.7383 0.0970 -0.6675
vn -0.7775 0.2729 -0.5665
vn 0.4494 0.3422 -0.8252
vn 0.4103 0.5944 -0.6916
vn 0.5076 0.4963 -0.7043
vn 0.5294 0.2370 -0.8146
vn -0.5076 0.4963 -0.7043
vn -0.4103 0.5944 -0.6916
vn -0.4494 0.3422 -0.8252
vn -0.5294 0.2370 -0.8146
vn 0.4072 0.8037 -0.4339
vn 0.4423 0.8885 -0.1226
vn 0.6230 0.7715 -0.1289
vn 0.5612 0.7038 -0.4355
vn -0.6230 0.7715 -0.1289
vn -0.4423 0.8885 -0.1226
vn -0.4072 0.8037 -0.4339
vn -0.5612 0.7038 -0.4355
vn 0.4777 0.8710 0.1146
vn 0.5164 0.7710 0.3727
vn 0.6596 0.6830 0.3138
vn 0.6483 0.7565 0.0854
vn -0.6596 0.6830 0.3138
vn -0.5164 0.7710 0.3727
vn -0.4777 0.8710 0.1146
vn -0.6483 0.7565 0.0854
vn 0.5289 0.6201 0.5793
vn 0.4967 0.6220 0.6053
vn 0.5925 0.6182 0.5165
vn 0.6389 0.5808 0.5045
vn -0.5925 0.6182 0.5165
vn -0.4967 0.6220 0.6053
vn -0.5289 0.6201 0.5793
vn -0.6389 0.5808 0.5045
vn 0.2008 0.9528 -0.2276
vn 0.3636 0.9233 -0.1236
vn 0.4858 0.8381 0.2482
vn 0.3695 0.8617 0.3477
vn -0.4858 0.8381 0.2482
vn -0.3636 0.9233 -0.1236
vn -0.2008 0.9528 -0.2276
vn -0.3695 0.8617 0.3477
vn 0.1140 0.6643 0.7387
vn 0.2962 0.6459 0.7036
vn 0.2889 0.6951 0.6583
vn 0.0921 0.7351 0.6716
vn -0.2889 0.6951 0.6583
vn -0.2962 0.6459 0.7036
vn -0.1140 0.6643 0.7387
vn -0.0921 0.7351 0.6716
vn -0.3337 0.3926 -0.8571
vn -0.3447 0.3364 -0.8764
vn -0.0858 0.4073 -0.9093
vn -0.1166 0.4337 -0.8935
vn 0.0858 0.4073 -0.9093
vn 0.3447 0.3364 -0.8764
vn 0.3337 0.3926 -0.8571
vn 0.1166 0.4337 -0.8935
vn -0.1515 0.9784 0.1410
vn -0.0788 0.9690 -0.2343
vn 0.2042 0.8289 0.5207
vn 0.0847 0.7405 0.6668
vn -0.2042 0.8289 0.5207
vn 0.0788 0.9690 -0.2343
vn 0.1515 0.9784 0.1410
vn -0.0847 0.7405 0.6668
vn -0.0866 0.7007 0.7082
vn -0.2927 0.7988 0.5257
vn -0.0270 0.5822 0.8126
vn 0.0270 0.5822 0.8126
vn 0.2927 0.7988 0.5257
vn 0.0866 0.7007 0.7082
vn 0.9450 0.3058 -0.1157
vn 0.9922 -0.1234 0.0198
vn 0.9922 -0.0246 0.1220
vn 0.9346 0.3435 0.0927
vn -0.9922 -0.0246 0.1220
vn -0.9922 -0.1234 0.0198
vn -0.9450 0.3058 -0.1157
vn -0.9346 0.3435 0.0927
vn 0.9870 0.0188 0.1599
vn 0.9926 0.0346 0.1165
vn 0.9272 0.2591 0.2703
vn 0.9247 0.2713 0.2670
vn -0.9272 0.2591 0.2703
vn -0.9926 0.0346 0.1165
vn -0.9870 0.0188 0.1599
vn -0.9247 0.2713 0.2670
vn 0.9950 0.0796 0.0605
vn 0.9811 0.1897 -0.0384
vn 0.9543 0.2976 -0.0272
vn 0.9461 0.3006 0.1205
vn -0.9543 0.2976 -0.0272
vn -0.9811 0.1897 -0.0384
vn -0.9950 0.0796 0.0605
vn -0.9461 0.3006 0.1205
vn 0.8974 0.1514 -0.4145
vn 0.9319 0.2132 -0.2933
vn 0.9578 0.2584 -0.1258
vn 0.9550 0.2360 -0.1796
vn -0.9578 0.2584 -0.1258
vn -0.9319 0.2132 -0.2933
vn -0.8974 0.1514 -0.4145
vn -0.9550 0.2360 -0.1796
vn 0.6265 -0.7794 0.0056
vn 0.5659 -0.8180 -0.1029
vn 0.5993 -0.7975 -0.0691
vn 0.6345 -0.7693 0.0749
vn -0.5993 -0.7975 -0.0691
vn -0.5659 -0.8180 -0.1029
vn -0.6265 -0.7794 0.0056
vn -0.6345 -0.7693 0.0749
vn 0.5075 -0.8496 0.1437
vn 0.4865 -0.8688 0.0922
vn 0.4576 -0.8863 -0.0712
vn 0.3479 -0.9373 0.0190
vn -0.4576 -0.8863 -0.0712
vn -0.4865 -0.8688 0.0922
vn -0.5075 -0.8496 0.1437
vn -0.3479 -0.9373 0.0190
vn 0.5710 -0.8053 0.1595
vn 0.4782 -0.8603 0.1766
vn 0.5052 -0.8423 0.1879
vn 0.5619 -0.8053 0.1891
vn -0.5052 -0.8423 0.1879
vn -0.4782 -0.8603 0.1766
vn -0.5710 -0.8053 0.1595
vn -0.5619 -0.8053 0.1891
vn 0.5257 -0.8136 0.2484
vn 0.6807 -0.6093 0.4067
vn 0.7648 -0.5859 0.2680
vn 0.6040 -0.7703 0.2046
vn -0.7648 -0.5859 0.2680
vn -0.6807 -0.6093 0.4067
vn -0.5257 -0.8136 0.2484
vn -0.6040 -0.7703 0.2046
vn 0.7545 -0.6380 0.1539
vn 0.6955 -0.7107 0.1059
vn 0.6649 -0.7255 0.1775
vn -0.6649 -0.7255 0.1775
vn -0.6955 -0.7107 0.1059
vn -0.7545 -0.6380 0.1539
vn 0.4393 -0.8000 0.4087
vn 0.4824 -0.7921 0.3739
vn 0.5641 -0.5352 0.6288
vn -0.5641 -0.5352 0.6288
vn -0.4824 -0.7921 0.3739
vn -0.4393 -0.8000 0.4087
vn 0.6396 -0.1535 -0.7533
vn 0.4685 -0.4482 -0.7614
vn 0.5136 -0.4445 -0.7339
vn 0.5780 -0.1519 -0.8018
vn -0.5136 -0.4445 -0.7339
vn -0.4685 -0.4482 -0.7614
vn -0.6396 -0.1535 -0.7533
vn -0.5780 -0.1519 -0.8018
vn 0.4552 0.0141 -0.8903
vn 0.5372 -0.0829 -0.8394
vn 0.5639 -0.3678 -0.7394
vn 0.4503 -0.2353 -0.8613
vn -0.5639 -0.3678 -0.7394
vn -0.5372 -0.0829 -0.8394
vn -0.4552 0.0141 -0.8903
vn -0.4503 -0.2353 -0.8613
vn 0.2214 -0.9329 -0.2842
vn 0.4387 -0.8478 -0.2979
vn 0.4440 -0.7279 -0.5224
vn 0.2672 -0.7646 -0.5865
vn -0.4440 -0.7279 -0.5224
vn -0.4387 -0.8478 -0.2979
vn -0.2214 -0.9329 -0.2842
vn -0.2672 -0.7646 -0.5865
vn 0.5496 -0.7909 -0.2690
vn 0.5315 -0.7240 -0.4397
vn 0.6394 -0.6505 -0.4098
vn 0.6033 -0.7579 -0.2483
vn -0.6394 -0.6505 -0.4098
vn -0.5315 -0.7240 -0.4397
vn -0.5496 -0.7909 -0.2690
vn -0.6033 -0.7579 -0.2483
vn 0.4411 -0.3774 -0.8142
vn 0.6088 -0.4903 -0.6237
vn 0.4637 -0.6149 -0.6379
vn -0.4637 -0.6149 -0.6379
vn -0.6088 -0.4903 -0.6237
vn -0.4411 -0.3774 -0.8142
vn -0.0567 0.8772 0.4768
vn -0.2342 0.8393 0.4907
vn 0.4435 0.1175 0.8885
vn 0.5117 0.0581 0.8572
vn -0.4435 0.1175 0.8885
vn 0.2342 0.8393 0.4907
vn 0.0567 0.8772 0.4768
vn -0.5117 0.0581 0.8572
vn 0.1228 0.8471 0.5171
vn 0.4989 -0.0230 0.8663
vn 0.4221 -0.0730 0.9036
vn 0.3808 0.6854 0.6207
vn -0.4221 -0.0730 0.9036
vn -0.4989 -0.0230 0.8663
vn -0.1228 0.8471 0.5171
vn -0.3808 0.6854 0.6207
vn 0.5521 0.3974 0.7330
vn 0.2553 -0.0593 0.9651
vn 0.1286 -0.0274 0.9913
vn 0.5633 0.1494 0.8127
vn -0.1286 -0.0274 0.9913
vn -0.2553 -0.0593 0.9651
vn -0.5521 0.3974 0.7330
vn -0.5633 0.1494 0.8126
vn 0.5516 -0.0582 0.8321
vn 0.0910 -0.0120 0.9958
vn 0.1205 0.0776 0.9897
vn 0.5804 -0.1982 0.7898
vn -0.1205 0.0776 0.9897
vn -0.0910 -0.0120 0.9958
vn -0.5516 -0.0582 0.8321
vn -0.5804 -0.1982 0.7898
vn 0.6244 -0.3820 0.6813
vn 0.2708 0.1700 0.9475
vn 0.4697 0.1014 0.8770
vn 0.5951 -0.5883 0.5475
vn -0.4697 0.1014 0.8770
vn -0.2708 0.1700 0.9475
vn -0.6244 -0.3820 0.6813
vn -0.5951 -0.5883 0.5475
vn 0.5025 -0.7285 0.4656
vn 0.5873 -0.0727 0.8061
vn 0.5086 -0.1629 0.8455
vn 0.3278 -0.8218 0.4660
vn -0.5086 -0.1629 0.8455
vn -0.5873 -0.0727 0.8061
vn -0.5025 -0.7285 0.4656
vn -0.3278 -0.8218 0.4660
vn 0.3965 0.5531 0.7327
vn 0.1272 0.8743 0.4684
vn 0.2440 0.8266 0.5072
vn 0.4358 0.4657 0.7702
vn -0.2440 0.8266 0.5072
vn -0.1272 0.8743 0.4684
vn -0.3965 0.5531 0.7327
vn -0.4358 0.4657 0.7702
vn -0.2541 0.6402 0.7250
vn -0.5717 0.7685 0.2872
vn -0.2163 0.8994 0.3799
vn 0.0927 0.6923 0.7156
vn 0.2163 0.8994 0.3799
vn 0.5717 0.7685 0.2872
vn 0.2541 0.6402 0.7250
vn -0.0927 0.6924 0.7156
vn -0.5261 0.0618 0.8482
vn -0.9481 0.1213 0.2940
vn -0.8517 0.4716 0.2286
vn -0.5063 0.3687 0.7795
vn 0.8517 0.4716 0.2286
vn 0.9481 0.1213 0.2940
vn 0.5261 0.0618 0.8482
vn 0.5063 0.3687 0.7796
vn -0.0353 -0.3808 0.9240
vn -0.3021 -0.6047 0.7369
vn -0.8121 -0.2740 0.5152
vn -0.3761 -0.1788 0.9091
vn 0.8121 -0.2740 0.5152
vn 0.3021 -0.6047 0.7369
vn 0.0353 -0.3808 0.9240
vn 0.3761 -0.1788 0.9091
vn 0.5113 -0.4346 0.7414
vn 0.4687 -0.6123 0.6367
vn 0.2405 -0.6559 0.7155
vn 0.3358 -0.4525 0.8262
vn -0.2405 -0.6559 0.7155
vn -0.4687 -0.6123 0.6367
vn -0.5113 -0.4346 0.7414
vn -0.3358 -0.4525 0.8262
vn 0.6087 -0.3845 0.6940
vn 0.6390 -0.3282 0.6957
vn 0.6755 -0.4860 0.5546
vn 0.6000 -0.5526 0.5784
vn -0.6755 -0.4860 0.5546
vn -0.6390 -0.3282 0.6957
vn -0.6087 -0.3845 0.6940
vn -0.6000 -0.5526 0.5784
vn 0.6964 -0.7072 0.1218
vn 0.5057 -0.8461 0.1684
vn 0.8090 -0.5110 0.2906
vn 0.8709 -0.4914 0.0026
vn -0.8090 -0.5110 0.2906
vn -0.5057 -0.8461 0.1684
vn -0.6964 -0.7072 0.1218
vn -0.8709 -0.4914 0.0026
vn 0.0298 -0.7671 0.6408
vn 0.0403 -0.8241 0.5650
vn 0.2041 0.1043 0.9734
vn 0.2700 0.1814 0.9456
vn -0.2041 0.1043 0.9734
vn -0.0403 -0.8241 0.5650
vn -0.0298 -0.7671 0.6408
vn -0.2700 0.1814 0.9456
vn 0.9599 -0.2696 0.0766
vn 0.8541 -0.5072 0.1152
vn 0.9182 -0.3893 -0.0735
vn 0.9699 -0.2418 -0.0297
vn -0.9182 -0.3893 -0.0735
vn -0.8541 -0.5072 0.1152
vn -0.9599 -0.2696 0.0766
vn -0.9699 -0.2418 -0.0297
vn 0.4023 0.6237 0.6702
vn 0.5412 -0.0937 0.8357
vn 0.3548 0.0549 0.9333
vn -0.3578 0.7589 0.5442
vn -0.3548 0.0549 0.9333
vn -0.5412 -0.0937 0.8357
vn -0.4023 0.6237 0.6702
vn 0.3578 0.7589 0.5442
vn 0.1950 0.6843 0.7027
vn 0.1089 0.9090 0.4024
vn 0.2209 0.9109 0.3484
vn 0.3089 0.7278 0.6123
vn -0.2209 0.9109 0.3484
vn -0.1089 0.9090 0.4024
vn -0.1950 0.6843 0.7027
vn -0.3089 0.7278 0.6123
vn 0.7031 0.0477 0.7095
vn 0.7809 0.0320 0.6238
vn 0.6872 0.3046 0.6595
vn 0.6590 0.4659 0.5905
vn -0.6872 0.3046 0.6595
vn -0.7809 0.0320 0.6238
vn -0.7031 0.0477 0.7095
vn -0.6589 0.4659 0.5905
vn 0.7818 0.3855 0.4901
vn 0.8009 0.2534 0.5425
vn 0.6438 0.2531 0.7221
vn 0.5578 0.5157 0.6503
vn -0.6438 0.2531 0.7221
vn -0.8009 0.2534 0.5425
vn -0.7818 0.3855 0.4901
vn -0.5578 0.5157 0.6503
vn 0.7781 -0.5147 0.3601
vn 0.8615 -0.4346 0.2625
vn 0.9324 -0.3064 0.1917
vn 0.9011 -0.3622 0.2382
vn -0.9324 -0.3064 0.1917
vn -0.8615 -0.4346 0.2625
vn -0.7781 -0.5147 0.3601
vn -0.9011 -0.3622 0.2382
vn 0.6946 -0.3682 0.6180
vn 0.8040 -0.4064 0.4341
vn 0.7035 -0.4921 0.5127
vn 0.6540 -0.4672 0.5950
vn -0.7035 -0.4921 0.5127
vn -0.8040 -0.4064 0.4341
vn -0.6946 -0.3682 0.6180
vn -0.6540 -0.4672 0.5950
vn 0.5876 -0.3297 0.7389
vn 0.5839 -0.3505 0.7323
vn 0.6486 -0.4573 0.6085
vn 0.6715 -0.4620 0.5793
vn -0.6486 -0.4573 0.6085
vn -0.5839 -0.3505 0.7323
vn -0.5876 -0.3297 0.7389
vn -0.6715 -0.4621 0.5793
vn 0.9883 -0.1465 0.0425
vn 0.9322 -0.3222 0.1646
vn 0.8788 -0.2133 0.4268
vn 0.9855 0.1100 0.1291
vn -0.8788 -0.2133 0.4268
vn -0.9322 -0.3222 0.1646
vn -0.9883 -0.1465 0.0425
vn -0.9855 0.1100 0.1291
vn 0.9534 -0.3016 -0.0126
vn 0.9243 -0.3678 -0.1022
vn 0.9379 -0.3437 0.0474
vn 0.9206 -0.3874 0.0501
vn -0.9379 -0.3437 0.0474
vn -0.9243 -0.3678 -0.1022
vn -0.9534 -0.3016 -0.0126
vn -0.9206 -0.3874 0.0501
vn 0.9372 -0.3423 -0.0669
vn 0.9538 -0.0079 0.3004
vn 0.9496 -0.2480 0.1917
vn -0.9496 -0.2480 0.1917
vn -0.9538 -0.0079 0.3004
vn -0.9372 -0.3423 -0.0669
vn 0.7021 -0.5518 0.4501
vn 0.7118 -0.5481 0.4393
vn 0.6623 -0.4690 0.5843
vn 0.6689 -0.4392 0.5997
vn -0.6623 -0.4690 0.5843
vn -0.7118 -0.5481 0.4393
vn -0.7021 -0.5518 0.4501
vn -0.6689 -0.4392 0.5997
vn 0.7123 -0.5577 0.4262
vn 0.7130 -0.5838 0.3883
vn 0.6108 -0.5253 0.5924
vn 0.6422 -0.4938 0.5863
vn -0.6108 -0.5253 0.5924
vn -0.7130 -0.5838 0.3883
vn -0.7123 -0.5577 0.4262
vn -0.6422 -0.4938 0.5863
vn 0.7353 -0.6066 0.3023
vn 0.8550 -0.4634 0.2327
vn 0.7043 -0.4483 0.5505
vn 0.6039 -0.5474 0.5793
vn -0.7043 -0.4483 0.5505
vn -0.8550 -0.4634 0.2328
vn -0.7353 -0.6066 0.3023
vn -0.6039 -0.5474 0.5793
vn 0.8010 0.4514 0.3933
vn 0.5250 0.7327 0.4332
vn 0.4816 0.6188 0.6206
vn 0.6496 0.3702 0.6641
vn -0.4816 0.6188 0.6206
vn -0.5250 0.7327 0.4331
vn -0.8010 0.4514 0.3933
vn -0.6496 0.3702 0.6641
vn 0.7196 0.4707 0.5105
vn 0.7918 0.1415 0.5942
vn 0.7258 0.1377 0.6740
vn 0.6333 0.4310 0.6428
vn -0.7258 0.1377 0.6740
vn -0.7918 0.1415 0.5942
vn -0.7196 0.4707 0.5105
vn -0.6333 0.4310 0.6428
vn 0.8078 -0.1510 0.5698
vn 0.7938 0.3679 0.4843
vn 0.6261 0.3880 0.6763
vn 0.7316 -0.1427 0.6666
vn -0.6261 0.3880 0.6763
vn -0.7938 0.3679 0.4843
vn -0.8078 -0.1510 0.5698
vn -0.7316 -0.1427 0.6666
vn 0.1581 0.9636 0.2155
vn 0.0267 0.9668 0.2540
vn -0.0145 0.8967 0.4425
vn -0.0481 0.9378 0.3438
vn 0.0145 0.8967 0.4425
vn -0.0267 0.9668 0.2540
vn -0.1581 0.9636 0.2154
vn 0.0481 0.9378 0.3438
vn 0.5727 -0.6436 0.5078
vn 0.6705 -0.5737 0.4704
vn 0.6608 -0.4028 0.6334
vn 0.6012 -0.4274 0.6751
vn -0.6608 -0.4028 0.6334
vn -0.6705 -0.5737 0.4704
vn -0.5727 -0.6435 0.5078
vn -0.6012 -0.4274 0.6751
vn 0.1425 -0.7973 0.5866
vn 0.4186 -0.7235 0.5489
vn 0.4740 -0.5322 0.7015
vn 0.2425 -0.5536 0.7967
vn -0.4740 -0.5322 0.7015
vn -0.4186 -0.7235 0.5489
vn -0.1425 -0.7973 0.5866
vn -0.2425 -0.5536 0.7967
vn -0.9444 -0.2971 0.1408
vn -0.4844 -0.7282 0.4848
vn -0.0002 -0.3100 0.9507
vn -0.0973 -0.0838 0.9917
vn 0.0002 -0.3100 0.9507
vn 0.4844 -0.7282 0.4848
vn 0.9444 -0.2971 0.1408
vn 0.0973 -0.0838 0.9917
vn -0.8836 0.4616 -0.0788
vn -0.9887 0.1305 -0.0734
vn -0.0764 0.0426 0.9962
vn -0.0004 0.1704 0.9854
vn 0.0764 0.0426 0.9962
vn 0.9887 0.1305 -0.0734
vn 0.8836 0.4616 -0.0788
vn 0.0004 0.1704 0.9854
vn -0.3238 0.9230 0.2080
vn -0.6448 0.7620 0.0599
vn 0.0938 0.3504 0.9319
vn 0.2111 0.5426 0.8130
vn -0.0938 0.3504 0.9319
vn 0.6448 0.7620 0.0599
vn 0.3238 0.9230 0.2080
vn -0.2111 0.5426 0.8130
vn 0.1031 0.9411 0.3221
vn -0.0170 0.9542 0.2988
vn 0.3299 0.6644 0.6707
vn 0.2617 0.7749 0.5754
vn -0.3299 0.6644 0.6707
vn 0.0170 0.9542 0.2988
vn -0.1031 0.9411 0.3221
vn -0.2617 0.7749 0.5754
vn 0.2798 0.1697 0.9449
vn 0.2673 0.1343 0.9542
vn 0.1537 0.1482 0.9770
vn 0.1855 0.0547 0.9811
vn -0.1537 0.1482 0.9770
vn -0.2673 0.1343 0.9542
vn -0.2798 0.1697 0.9449
vn -0.1855 0.0547 0.9811
vn 0.2602 0.0351 0.9649
vn 0.2969 0.1113 0.9484
vn 0.4049 0.0281 0.9139
vn 0.3324 0.0130 0.9430
vn -0.4049 0.0281 0.9139
vn -0.2969 0.1113 0.9484
vn -0.2602 0.0351 0.9649
vn -0.3324 0.0130 0.9430
vn 0.3555 -0.0073 0.9346
vn 0.4114 -0.0483 0.9102
vn 0.3771 -0.0984 0.9209
vn 0.3311 -0.0079 0.9435
vn -0.3771 -0.0984 0.9209
vn -0.4114 -0.0483 0.9102
vn -0.3555 -0.0073 0.9346
vn -0.3311 -0.0079 0.9435
vn 0.2955 0.0378 0.9546
vn 0.3544 -0.1233 0.9269
vn 0.4143 -0.0083 0.9101
vn 0.3604 0.1720 0.9168
vn -0.4143 -0.0083 0.9101
vn -0.3544 -0.1233 0.9269
vn -0.2955 0.0378 0.9546
vn -0.3604 0.1720 0.9168
vn 0.4771 0.1435 0.8671
vn 0.5065 0.0007 0.8622
vn 0.3560 0.1014 0.9290
vn 0.3599 0.2634 0.8950
vn -0.3560 0.1014 0.9290
vn -0.5065 0.0007 0.8622
vn -0.4771 0.1435 0.8671
vn -0.3599 0.2634 0.8950
vn 0.4753 -0.1864 0.8599
vn 0.3746 -0.0419 0.9262
vn 0.3816 -0.0042 0.9243
vn 0.5077 -0.1246 0.8525
vn -0.3816 -0.0042 0.9243
vn -0.3746 -0.0419 0.9262
vn -0.4753 -0.1864 0.8599
vn -0.5077 -0.1246 0.8525
vn 0.4123 -0.2144 0.8854
vn 0.3302 -0.2236 0.9170
vn 0.2430 -0.0419 0.9691
vn 0.3251 -0.0497 0.9444
vn -0.2430 -0.0419 0.9691
vn -0.3302 -0.2236 0.9170
vn -0.4123 -0.2144 0.8854
vn -0.3251 -0.0497 0.9444
vn 0.2333 0.1705 0.9573
vn 0.1698 -0.0099 0.9854
vn 0.2759 -0.2066 0.9387
vn 0.3192 -0.0542 0.9461
vn -0.2759 -0.2066 0.9387
vn -0.1698 -0.0099 0.9854
vn -0.2333 0.1705 0.9573
vn -0.3192 -0.0542 0.9461
vn -0.1674 0.7130 0.6808
vn -0.0072 0.6304 0.7763
vn 0.0516 0.3597 0.9316
vn 0.0764 0.2989 0.9512
vn -0.0516 0.3597 0.9316
vn 0.0072 0.6304 0.7763
vn 0.1674 0.7130 0.6808
vn -0.0764 0.2989 0.9512
vn 0.5356 0.1448 0.8320
vn 0.5062 0.0270 0.8620
vn 0.3860 0.1700 0.9067
vn 0.4303 0.3221 0.8433
vn -0.3860 0.1700 0.9067
vn -0.5062 0.0270 0.8620
vn -0.5356 0.1448 0.8320
vn -0.4303 0.3221 0.8433
vn 0.4286 -0.1091 0.8969
vn 0.4333 -0.1582 0.8873
vn 0.4705 -0.0830 0.8785
vn 0.4698 0.0002 0.8828
vn -0.4705 -0.0830 0.8785
vn -0.4333 -0.1582 0.8873
vn -0.4286 -0.1091 0.8969
vn -0.4698 0.0002 0.8828
vn 0.5004 -0.0624 0.8635
vn 0.5045 -0.1076 0.8567
vn 0.4422 -0.1891 0.8768
vn 0.4508 -0.1371 0.8820
vn -0.4422 -0.1891 0.8768
vn -0.5045 -0.1076 0.8567
vn -0.5004 -0.0624 0.8636
vn -0.4508 -0.1371 0.8820
vn 0.4410 0.2381 0.8653
vn 0.4507 0.2617 0.8534
vn 0.5138 0.1115 0.8506
vn 0.4979 0.1107 0.8601
vn -0.5138 0.1115 0.8506
vn -0.4507 0.2617 0.8534
vn -0.4410 0.2381 0.8653
vn -0.4979 0.1107 0.8601
vn 0.4517 0.1928 0.8711
vn 0.3926 0.3532 0.8492
vn 0.3918 0.2583 0.8830
vn -0.3918 0.2583 0.8830
vn -0.3926 0.3532 0.8492
vn -0.4517 0.1928 0.8711
vn 0.2008 -0.9743 -0.1017
vn 0.0146 -0.9921 -0.1245
vn -0.2755 -0.6169 -0.7372
vn -0.2538 -0.5820 -0.7726
vn 0.2755 -0.6169 -0.7372
vn -0.0146 -0.9921 -0.1245
vn -0.2008 -0.9743 -0.1017
vn 0.2538 -0.5820 -0.7726
vn 0.6783 -0.7252 0.1181
vn 0.4237 -0.9043 -0.0522
vn -0.0462 -0.5681 -0.8217
vn 0.2592 -0.5567 -0.7893
vn 0.0462 -0.5681 -0.8217
vn -0.4237 -0.9043 -0.0522
vn -0.6783 -0.7252 0.1181
vn -0.2592 -0.5566 -0.7893
vn 0.8932 -0.0827 0.4419
vn 0.8431 -0.4048 0.3541
vn 0.7545 -0.4509 -0.4770
vn 0.9949 -0.0845 -0.0547
vn -0.7545 -0.4509 -0.4770
vn -0.8431 -0.4048 0.3541
vn -0.8932 -0.0827 0.4419
vn -0.9949 -0.0845 -0.0547
vn 0.6621 0.7480 0.0465
vn 0.8922 0.3085 0.3299
vn 0.9197 0.3348 -0.2049
vn 0.3805 0.5764 -0.7232
vn -0.9197 0.3348 -0.2049
vn -0.8922 0.3085 0.3299
vn -0.6621 0.7480 0.0465
vn -0.3805 0.5764 -0.7232
vn -0.2730 0.9304 -0.2447
vn 0.0718 0.9730 -0.2192
vn -0.1804 0.5092 -0.8415
vn -0.3970 0.4716 -0.7874
vn 0.1804 0.5092 -0.8415
vn -0.0718 0.9730 -0.2192
vn 0.2730 0.9304 -0.2447
vn 0.3970 0.4716 -0.7874
vn -0.5203 0.8478 -0.1026
vn -0.4101 0.8923 -0.1888
vn -0.5022 0.4732 -0.7237
vn -0.5231 0.5168 -0.6777
vn 0.5022 0.4732 -0.7237
vn 0.4101 0.8923 -0.1888
vn 0.5203 0.8478 -0.1026
vn 0.5231 0.5168 -0.6777
vn -0.4461 0.0883 -0.8906
vn -0.4031 -0.1301 -0.9059
vn -0.3417 -0.1564 -0.9267
vn -0.3837 0.0977 -0.9183
vn 0.3417 -0.1564 -0.9267
vn 0.4031 -0.1301 -0.9059
vn 0.4461 0.0883 -0.8906
vn 0.3837 0.0977 -0.9183
vn -0.3379 0.0835 -0.9375
vn -0.1997 0.0871 -0.9760
vn -0.1000 -0.1344 -0.9859
vn -0.2636 -0.1281 -0.9561
vn 0.1000 -0.1344 -0.9859
vn 0.1997 0.0870 -0.9760
vn 0.3379 0.0835 -0.9375
vn 0.2636 -0.1281 -0.9561
vn 0.0490 0.1369 -0.9894
vn 0.6767 0.0742 -0.7325
vn 0.1696 -0.1492 -0.9742
vn -0.1696 -0.1492 -0.9742
vn -0.6767 0.0742 -0.7325
vn -0.0490 0.1369 -0.9894
vn 0.3957 0.6200 -0.6776
vn 0.0360 0.9921 -0.1204
vn -0.5976 0.8016 -0.0191
vn -0.4122 0.6331 -0.6552
vn 0.5976 0.8016 -0.0191
vn -0.0360 0.9921 -0.1204
vn -0.3957 0.6200 -0.6776
vn 0.4122 0.6331 -0.6552
vn 0.5233 -0.0640 -0.8497
vn 0.0682 0.0555 -0.9961
vn 0.0762 -0.2663 -0.9609
vn 0.4018 -0.3834 -0.8316
vn -0.0762 -0.2663 -0.9609
vn -0.0682 0.0555 -0.9961
vn -0.5233 -0.0640 -0.8497
vn -0.4018 -0.3834 -0.8316
vn -0.1127 -0.9680 -0.2244
vn 0.0934 -0.7538 -0.6504
vn -0.0967 -0.6957 -0.7118
vn -0.1248 -0.9758 -0.1794
vn 0.0967 -0.6957 -0.7118
vn -0.0934 -0.7538 -0.6504
vn 0.1127 -0.9680 -0.2244
vn 0.1248 -0.9758 -0.1794
vt 0.841958 0.587571
vt 0.834528 0.598761
vt 0.821995 0.593570
vt 0.832355 0.577968
vt 0.831869 0.611927
vt 0.818288 0.611927
vt 0.800024 0.611927
vt 0.805140 0.586588
vt 0.819440 0.565053
vt 0.866314 0.931635
vt 0.866314 0.913371
vt 0.884671 0.909664
vt 0.891653 0.926518
vt 0.866314 0.899790
vt 0.879480 0.897131
vt 0.890670 0.889701
vt 0.900273 0.899304
vt 0.913188 0.912219
vt 0.805140 0.586588
vt 0.785869 0.578606
vt 0.804303 0.549916
vt 0.800024 0.611927
vt 0.778617 0.611927
vt 0.746541 0.611927
vt 0.764082 0.569581
vt 0.781622 0.527235
vt 0.866314 0.985118
vt 0.866314 0.953042
vt 0.899635 0.945789
vt 0.908660 0.967578
vt 0.866314 0.931635
vt 0.891653 0.926518
vt 0.928325 0.927356
vt 0.951006 0.950037
vt 0.805140 0.637266
vt 0.785869 0.645248
vt 0.819440 0.658801
vt 0.804303 0.673938
vt 0.781622 0.696619
vt 0.764082 0.654273
vt 0.781622 0.950037
vt 0.804303 0.927356
vt 0.832993 0.945790
vt 0.823968 0.967578
vt 0.819440 0.912219
vt 0.840975 0.926519
vt 0.834528 0.625094
vt 0.821995 0.630285
vt 0.841958 0.636283
vt 0.832355 0.645886
vt 0.805140 0.637266
vt 0.819440 0.912219
vt 0.832355 0.899305
vt 0.847957 0.909664
vt 0.840975 0.926519
vt 0.841958 0.889701
vt 0.853148 0.897132
vt 0.853148 0.643713
vt 0.847956 0.656246
vt 0.866314 0.646372
vt 0.866314 0.659953
vt 0.866314 0.678217
vt 0.840975 0.673101
vt 0.800024 0.865345
vt 0.818288 0.865345
vt 0.821995 0.883703
vt 0.805140 0.890684
vt 0.831869 0.865345
vt 0.834528 0.878512
vt 0.840975 0.673101
vt 0.832993 0.692372
vt 0.866314 0.678217
vt 0.866314 0.699624
vt 0.866314 0.731700
vt 0.823968 0.714160
vt 0.746541 0.865345
vt 0.778617 0.865345
vt 0.785869 0.898666
vt 0.764082 0.907691
vt 0.800024 0.865345
vt 0.805140 0.890684
vt 0.891653 0.673101
vt 0.899635 0.692372
vt 0.913188 0.658801
vt 0.928325 0.673938
vt 0.951006 0.696619
vt 0.908660 0.714160
vt 0.781622 0.780653
vt 0.804303 0.803334
vt 0.785869 0.832024
vt 0.764082 0.822999
vt 0.819440 0.818471
vt 0.805140 0.840006
vt 0.879480 0.643713
vt 0.884671 0.656246
vt 0.890670 0.636283
vt 0.900273 0.645886
vt 0.913188 0.658801
vt 0.891653 0.673101
vt 0.819440 0.818471
vt 0.832355 0.831386
vt 0.821995 0.846988
vt 0.841958 0.840989
vt 0.834528 0.852179
vt 0.898100 0.625094
vt 0.910633 0.630285
vt 0.900759 0.611927
vt 0.914340 0.611927
vt 0.932604 0.611927
vt 0.927487 0.637266
vt 0.866314 0.799055
vt 0.866314 0.817320
vt 0.847956 0.821026
vt 0.840975 0.804172
vt 0.866314 0.830900
vt 0.853148 0.833559
vt 0.927487 0.637266
vt 0.946759 0.645248
vt 0.932604 0.611927
vt 0.954011 0.611927
vt 0.986087 0.611927
vt 0.968547 0.654273
vt 0.866314 0.745572
vt 0.866314 0.777648
vt 0.832993 0.784901
vt 0.823968 0.763113
vt 0.866314 0.799055
vt 0.840975 0.804172
vt 0.927488 0.586588
vt 0.946759 0.578606
vt 0.913189 0.565053
vt 0.928325 0.549916
vt 0.951006 0.527235
vt 0.968547 0.569581
vt 0.951006 0.780653
vt 0.928325 0.803334
vt 0.899635 0.784900
vt 0.908660 0.763113
vt 0.913188 0.818471
vt 0.891653 0.804171
vt 0.898100 0.598761
vt 0.910633 0.593570
vt 0.890670 0.587571
vt 0.900274 0.577968
vt 0.927488 0.586588
vt 0.913189 0.818471
vt 0.900273 0.831386
vt 0.884672 0.821026
vt 0.891653 0.804171
vt 0.890670 0.840989
vt 0.879481 0.833559
vt 0.879481 0.580141
vt 0.884672 0.567608
vt 0.866314 0.577482
vt 0.866314 0.563902
vt 0.866314 0.545637
vt 0.891653 0.550753
vt 0.932604 0.865345
vt 0.914340 0.865345
vt 0.910633 0.846988
vt 0.927488 0.840006
vt 0.900759 0.865345
vt 0.898100 0.852179
vt 0.891653 0.550753
vt 0.899635 0.531482
vt 0.866314 0.545637
vt 0.866314 0.524230
vt 0.866314 0.492154
vt 0.908660 0.509695
vt 0.986087 0.865345
vt 0.954011 0.865345
vt 0.946759 0.832024
vt 0.968547 0.822999
vt 0.932604 0.865345
vt 0.840975 0.550754
vt 0.832993 0.531483
vt 0.823968 0.509695
vt 0.946759 0.898666
vt 0.968547 0.907691
vt 0.927487 0.890684
vt 0.853148 0.580141
vt 0.847956 0.567608
vt 0.840975 0.550754
vt 0.910633 0.883703
vt 0.927487 0.890684
vt 0.898100 0.878511
vt 0.841958 0.587571
vt 0.853148 0.580141
vt 0.855978 0.586975
vt 0.847218 0.592830
vt 0.866314 0.577482
vt 0.866314 0.584920
vt 0.866314 0.590264
vt 0.857933 0.591693
vt 0.850996 0.596609
vt 0.887978 0.865345
vt 0.893321 0.865345
vt 0.891266 0.875681
vt 0.886549 0.873726
vt 0.900759 0.865345
vt 0.898100 0.878511
vt 0.890670 0.889701
vt 0.885411 0.884442
vt 0.881632 0.880663
vt 0.879481 0.580141
vt 0.876650 0.586975
vt 0.890671 0.587571
vt 0.885411 0.592831
vt 0.881632 0.596609
vt 0.874695 0.591693
vt 0.881632 0.850027
vt 0.885411 0.846249
vt 0.891267 0.855009
vt 0.886549 0.856964
vt 0.890671 0.840989
vt 0.891267 0.601591
vt 0.900759 0.611927
vt 0.893321 0.611927
vt 0.887978 0.611927
vt 0.886548 0.603546
vt 0.866314 0.843682
vt 0.866314 0.838338
vt 0.876650 0.840393
vt 0.874695 0.845111
vt 0.866314 0.830900
vt 0.891267 0.622263
vt 0.890670 0.636283
vt 0.885411 0.631024
vt 0.881632 0.627245
vt 0.886548 0.620308
vt 0.850996 0.850027
vt 0.847218 0.846249
vt 0.855978 0.840393
vt 0.857933 0.845111
vt 0.853148 0.833559
vt 0.879480 0.643713
vt 0.876650 0.636880
vt 0.866314 0.646372
vt 0.866314 0.638934
vt 0.866314 0.633591
vt 0.874695 0.632161
vt 0.844651 0.865345
vt 0.839308 0.865345
vt 0.841362 0.855009
vt 0.846080 0.856964
vt 0.834528 0.852179
vt 0.853148 0.643713
vt 0.855978 0.636880
vt 0.841958 0.636283
vt 0.847218 0.631024
vt 0.850996 0.627245
vt 0.857933 0.632161
vt 0.850996 0.880663
vt 0.847218 0.884442
vt 0.841362 0.875681
vt 0.846080 0.873726
vt 0.841958 0.889701
vt 0.834528 0.878511
vt 0.834528 0.625094
vt 0.841362 0.622263
vt 0.831869 0.611927
vt 0.839307 0.611927
vt 0.844651 0.611927
vt 0.846080 0.620308
vt 0.866314 0.887008
vt 0.866314 0.892352
vt 0.855978 0.890298
vt 0.857933 0.885580
vt 0.853148 0.897132
vt 0.834528 0.598761
vt 0.841362 0.601591
vt 0.846080 0.603546
vt 0.876650 0.890297
vt 0.874695 0.885580
vt 0.879480 0.897131
vt 0.866314 0.611927
vt 0.852421 0.611927
vt 0.851470 0.605779
vt 0.856490 0.602103
vt 0.844651 0.611927
vt 0.846080 0.603546
vt 0.850996 0.596609
vt 0.856490 0.602103
vt 0.874695 0.885580
vt 0.872463 0.880189
vt 0.876138 0.875169
vt 0.866314 0.887008
vt 0.866314 0.879238
vt 0.874695 0.885580
vt 0.866314 0.865345
vt 0.876138 0.875169
vt 0.866314 0.879238
vt 0.850996 0.627245
vt 0.846080 0.620308
vt 0.851470 0.618075
vt 0.856490 0.621751
vt 0.844651 0.611927
vt 0.846080 0.620308
vt 0.856490 0.621751
vt 0.860166 0.880189
vt 0.856490 0.875169
vt 0.857933 0.885580
vt 0.866314 0.879238
vt 0.850996 0.880663
vt 0.856490 0.875169
vt 0.866314 0.625820
vt 0.860166 0.626771
vt 0.856490 0.621751
vt 0.866314 0.633590
vt 0.857933 0.632161
vt 0.866314 0.625820
vt 0.850996 0.627245
vt 0.856490 0.621751
vt 0.850996 0.880663
vt 0.846080 0.873726
vt 0.851470 0.871494
vt 0.856490 0.875169
vt 0.844651 0.865345
vt 0.852421 0.865345
vt 0.876138 0.621751
vt 0.872463 0.626771
vt 0.881632 0.627245
vt 0.874695 0.632161
vt 0.876138 0.621751
vt 0.866314 0.633591
vt 0.866314 0.625820
vt 0.874695 0.632161
vt 0.844651 0.865345
vt 0.846080 0.856964
vt 0.851470 0.859197
vt 0.850996 0.850027
vt 0.856490 0.855522
vt 0.846080 0.856964
vt 0.856490 0.855521
vt 0.880207 0.611927
vt 0.881158 0.618075
vt 0.887978 0.611927
vt 0.886549 0.620308
vt 0.881632 0.627245
vt 0.876138 0.621751
vt 0.886549 0.620308
vt 0.857933 0.845111
vt 0.860166 0.850501
vt 0.866314 0.843682
vt 0.866314 0.851452
vt 0.866314 0.851452
vt 0.876138 0.602103
vt 0.881158 0.605779
vt 0.881632 0.596609
vt 0.886549 0.603546
vt 0.876138 0.602103
vt 0.887978 0.611927
vt 0.886549 0.603546
vt 0.874695 0.845111
vt 0.872462 0.850501
vt 0.881632 0.850027
vt 0.876138 0.855521
vt 0.876138 0.855521
vt 0.866314 0.598034
vt 0.872463 0.597083
vt 0.876138 0.602103
vt 0.866314 0.590264
vt 0.874695 0.591693
vt 0.881632 0.596609
vt 0.881632 0.850027
vt 0.886549 0.856964
vt 0.881158 0.859197
vt 0.876138 0.855522
vt 0.887978 0.865345
vt 0.880207 0.865345
vt 0.856490 0.602104
vt 0.860165 0.597083
vt 0.866314 0.598034
vt 0.850996 0.596609
vt 0.857933 0.591693
vt 0.856490 0.602103
vt 0.866314 0.590264
vt 0.857933 0.591693
vt 0.886549 0.873726
vt 0.881158 0.871494
vt 0.881632 0.880663
vt 0.876138 0.875169
vt 0.886549 0.873726
vt 0.876138 0.875169
vt 0.519161 0.059644
vt 0.516936 0.064141
vt 0.509164 0.061996
vt 0.510335 0.056549
vt 0.514313 0.068161
vt 0.507767 0.066469
vt 0.500000 0.065660
vt 0.500000 0.060947
vt 0.500000 0.055045
vt 0.500000 0.065660
vt 0.492233 0.066469
vt 0.490836 0.061996
vt 0.500000 0.060947
vt 0.485687 0.068161
vt 0.483064 0.064141
vt 0.480839 0.059644
vt 0.489666 0.056549
vt 0.529722 0.065076
vt 0.525737 0.068371
vt 0.522299 0.066214
vt 0.525404 0.062574
vt 0.521574 0.072290
vt 0.518756 0.069947
vt 0.481244 0.069947
vt 0.477701 0.066214
vt 0.478427 0.072290
vt 0.474263 0.068371
vt 0.470278 0.065076
vt 0.474596 0.062574
vt 0.537307 0.071208
vt 0.530552 0.075109
vt 0.528141 0.071128
vt 0.533252 0.067508
vt 0.525255 0.080247
vt 0.523537 0.075778
vt 0.476463 0.075778
vt 0.471859 0.071128
vt 0.474745 0.080247
vt 0.469448 0.075109
vt 0.462693 0.071208
vt 0.466748 0.067508
vt 0.550228 0.087584
vt 0.538665 0.090752
vt 0.533918 0.081142
vt 0.542970 0.077612
vt 0.530062 0.094928
vt 0.527273 0.085870
vt 0.472727 0.085870
vt 0.466082 0.081142
vt 0.469938 0.094928
vt 0.461335 0.090752
vt 0.449772 0.087584
vt 0.457030 0.077612
vt 0.566506 0.115790
vt 0.550950 0.120208
vt 0.544772 0.104728
vt 0.558560 0.101176
vt 0.537774 0.125226
vt 0.533825 0.109059
vt 0.466175 0.109059
vt 0.455228 0.104728
vt 0.462226 0.125226
vt 0.449050 0.120208
vt 0.433494 0.115790
vt 0.441440 0.101176
vt 0.587974 0.179933
vt 0.603208 0.194887
vt 0.588267 0.209021
vt 0.569710 0.194436
vt 0.621871 0.210918
vt 0.610113 0.223118
vt 0.599546 0.236568
vt 0.575256 0.226592
vt 0.544469 0.215880
vt 0.400454 0.236568
vt 0.389887 0.223118
vt 0.411733 0.209021
vt 0.424744 0.226592
vt 0.378129 0.210918
vt 0.396792 0.194887
vt 0.412026 0.179933
vt 0.430290 0.194436
vt 0.455531 0.215880
vt 0.621871 0.210918
vt 0.638208 0.226314
vt 0.628283 0.236882
vt 0.610113 0.223118
vt 0.653327 0.241076
vt 0.643600 0.250301
vt 0.633494 0.258470
vt 0.618564 0.247242
vt 0.599546 0.236568
vt 0.366506 0.258470
vt 0.356401 0.250301
vt 0.371717 0.236882
vt 0.381436 0.247242
vt 0.346673 0.241076
vt 0.361792 0.226314
vt 0.378129 0.210918
vt 0.389887 0.223118
vt 0.400454 0.236568
vt 0.668706 0.255950
vt 0.657542 0.263703
vt 0.680447 0.272960
vt 0.667657 0.278557
vt 0.654068 0.282830
vt 0.645611 0.270158
vt 0.345932 0.282830
vt 0.332343 0.278557
vt 0.342459 0.263703
vt 0.354389 0.270158
vt 0.319553 0.272960
vt 0.331294 0.255950
vt 0.684695 0.293078
vt 0.671454 0.295530
vt 0.683144 0.311805
vt 0.670213 0.310936
vt 0.657583 0.308613
vt 0.657873 0.296509
vt 0.342417 0.308613
vt 0.329787 0.310936
vt 0.328546 0.295530
vt 0.342127 0.296509
vt 0.316856 0.311805
vt 0.315305 0.293078
vt 0.678116 0.325251
vt 0.665541 0.321738
vt 0.668910 0.337433
vt 0.656576 0.331844
vt 0.645548 0.325664
vt 0.653775 0.317221
vt 0.354452 0.325664
vt 0.343425 0.331844
vt 0.334459 0.321738
vt 0.346225 0.317221
vt 0.331090 0.337433
vt 0.321884 0.325251
vt 0.654804 0.352697
vt 0.642723 0.345301
vt 0.638037 0.368810
vt 0.626945 0.359757
vt 0.618251 0.349566
vt 0.632570 0.337201
vt 0.381749 0.349566
vt 0.373055 0.359757
vt 0.357277 0.345301
vt 0.367430 0.337201
vt 0.361963 0.368810
vt 0.345196 0.352697
vt 0.621282 0.382365
vt 0.612451 0.371775
vt 0.605977 0.391859
vt 0.599891 0.379977
vt 0.595868 0.366402
vt 0.606049 0.359637
vt 0.404132 0.366402
vt 0.400109 0.379977
vt 0.387549 0.371775
vt 0.393951 0.359637
vt 0.394023 0.391859
vt 0.378719 0.382365
vt 0.592336 0.396552
vt 0.588618 0.383676
vt 0.576878 0.396871
vt 0.575349 0.382897
vt 0.574986 0.368404
vt 0.586392 0.369417
vt 0.425014 0.368404
vt 0.424651 0.382897
vt 0.411382 0.383676
vt 0.413608 0.369417
vt 0.423122 0.396871
vt 0.407664 0.396552
vt 0.556771 0.393828
vt 0.557454 0.378274
vt 0.535452 0.389613
vt 0.537550 0.372163
vt 0.542088 0.356742
vt 0.559630 0.363551
vt 0.457912 0.356742
vt 0.462450 0.372163
vt 0.442546 0.378274
vt 0.440370 0.363551
vt 0.464548 0.389613
vt 0.443229 0.393828
vt 0.516777 0.386408
vt 0.518601 0.366984
vt 0.537551 0.372163
vt 0.500000 0.385190
vt 0.500000 0.364398
vt 0.500000 0.338640
vt 0.524063 0.349518
vt 0.500000 0.364398
vt 0.481400 0.366984
vt 0.475937 0.349518
vt 0.500000 0.385190
vt 0.483223 0.386408
vt 0.464549 0.389613
vt 0.462450 0.372163
vt 0.457912 0.356742
vt 0.558393 0.332887
vt 0.568440 0.336858
vt 0.563693 0.349310
vt 0.549824 0.343615
vt 0.577862 0.338351
vt 0.576034 0.352643
vt 0.574986 0.368404
vt 0.559630 0.363551
vt 0.542088 0.356742
vt 0.425014 0.368404
vt 0.423966 0.352643
vt 0.436307 0.349310
vt 0.440370 0.363551
vt 0.422138 0.338351
vt 0.431560 0.336858
vt 0.441607 0.332887
vt 0.450176 0.343615
vt 0.585598 0.338015
vt 0.585564 0.353036
vt 0.592386 0.336008
vt 0.593612 0.350567
vt 0.586392 0.369417
vt 0.404132 0.366402
vt 0.406388 0.350567
vt 0.414436 0.353036
vt 0.413608 0.369417
vt 0.407614 0.336007
vt 0.414402 0.338015
vt 0.607728 0.327073
vt 0.612174 0.337876
vt 0.602034 0.345461
vt 0.599394 0.332354
vt 0.606049 0.359637
vt 0.593612 0.350567
vt 0.592386 0.336007
vt 0.393951 0.359637
vt 0.397966 0.345461
vt 0.381749 0.349566
vt 0.387826 0.337876
vt 0.392272 0.327073
vt 0.400606 0.332354
vt 0.407614 0.336008
vt 0.626901 0.313582
vt 0.635574 0.319192
vt 0.624383 0.328373
vt 0.617747 0.320414
vt 0.645548 0.325664
vt 0.632570 0.337201
vt 0.367430 0.337201
vt 0.375617 0.328373
vt 0.354452 0.325664
vt 0.364426 0.319192
vt 0.373099 0.313582
vt 0.382253 0.320414
vt 0.634891 0.301141
vt 0.645620 0.304782
vt 0.642613 0.312036
vt 0.632584 0.307515
vt 0.657583 0.308613
vt 0.653775 0.317221
vt 0.346225 0.317221
vt 0.357387 0.312036
vt 0.342417 0.308613
vt 0.354380 0.304782
vt 0.365109 0.301141
vt 0.367416 0.307515
vt 0.630556 0.284417
vt 0.641383 0.284187
vt 0.645292 0.295169
vt 0.634351 0.293290
vt 0.654068 0.282830
vt 0.657873 0.296509
vt 0.342127 0.296509
vt 0.354709 0.295169
vt 0.345932 0.282830
vt 0.358618 0.284187
vt 0.369444 0.284417
vt 0.365649 0.293290
vt 0.613798 0.267249
vt 0.622999 0.263466
vt 0.633674 0.273409
vt 0.623258 0.275408
vt 0.645611 0.270158
vt 0.354389 0.270158
vt 0.366326 0.273409
vt 0.377001 0.263466
vt 0.386202 0.267249
vt 0.376742 0.275408
vt 0.590771 0.257759
vt 0.593491 0.248144
vt 0.609997 0.254812
vt 0.603343 0.260982
vt 0.599546 0.236568
vt 0.618564 0.247242
vt 0.381436 0.247242
vt 0.390004 0.254812
vt 0.406510 0.248144
vt 0.409229 0.257759
vt 0.396657 0.260982
vt 0.561138 0.262125
vt 0.552309 0.244955
vt 0.572883 0.244255
vt 0.575468 0.258381
vt 0.593491 0.248144
vt 0.424744 0.226592
vt 0.427117 0.244255
vt 0.406510 0.248144
vt 0.447691 0.244955
vt 0.438862 0.262125
vt 0.424532 0.258381
vt 0.409229 0.257759
vt 0.561138 0.262125
vt 0.551445 0.268014
vt 0.537358 0.253335
vt 0.552309 0.244955
vt 0.545584 0.275588
vt 0.527475 0.265614
vt 0.500000 0.250807
vt 0.522949 0.234696
vt 0.472525 0.265614
vt 0.462642 0.253335
vt 0.477051 0.234696
vt 0.454416 0.275588
vt 0.448555 0.268014
vt 0.438862 0.262125
vt 0.447691 0.244955
vt 0.549824 0.343615
vt 0.536293 0.335982
vt 0.549262 0.325934
vt 0.542088 0.356742
vt 0.525623 0.325327
vt 0.542702 0.316584
vt 0.475937 0.349518
vt 0.463708 0.335982
vt 0.474377 0.325327
vt 0.457912 0.356742
vt 0.450176 0.343615
vt 0.441607 0.332887
vt 0.450738 0.325934
vt 0.457298 0.316584
vt 0.521870 0.310626
vt 0.539896 0.305771
vt 0.500000 0.313888
vt 0.500000 0.295394
vt 0.521839 0.295106
vt 0.540000 0.294722
vt 0.500000 0.295394
vt 0.478130 0.310626
vt 0.478161 0.295106
vt 0.460105 0.305771
vt 0.460000 0.294722
vt 0.523283 0.280125
vt 0.500000 0.277181
vt 0.545584 0.275588
vt 0.541924 0.284549
vt 0.540000 0.294722
vt 0.500000 0.295394
vt 0.458076 0.284549
vt 0.476717 0.280125
vt 0.454416 0.275588
vt 0.472525 0.265613
vt 0.500000 0.277181
vt 0.507707 0.074940
vt 0.504057 0.073568
vt 0.505845 0.070464
vt 0.510864 0.071939
vt 0.500000 0.073060
vt 0.500000 0.069830
vt 0.507767 0.066469
vt 0.514313 0.068161
vt 0.500000 0.069830
vt 0.494155 0.070464
vt 0.492233 0.066469
vt 0.495943 0.073568
vt 0.492293 0.074940
vt 0.489136 0.071939
vt 0.485687 0.068161
vt 0.512562 0.080357
vt 0.510593 0.077071
vt 0.514434 0.073847
vt 0.516760 0.076706
vt 0.518756 0.069947
vt 0.521573 0.072290
vt 0.485566 0.073847
vt 0.489407 0.077071
vt 0.487439 0.080357
vt 0.483240 0.076706
vt 0.478427 0.072290
vt 0.512267 0.090555
vt 0.513415 0.085048
vt 0.518219 0.080967
vt 0.519199 0.085794
vt 0.512561 0.080357
vt 0.516760 0.076706
vt 0.523537 0.075778
vt 0.525255 0.080247
vt 0.478427 0.072290
vt 0.483240 0.076706
vt 0.481781 0.080967
vt 0.476463 0.075778
vt 0.487439 0.080357
vt 0.486585 0.085048
vt 0.487734 0.090555
vt 0.480802 0.085794
vt 0.526243 0.129130
vt 0.523936 0.112638
vt 0.516256 0.131512
vt 0.515003 0.115132
vt 0.514124 0.101670
vt 0.521940 0.098777
vt 0.485876 0.101670
vt 0.484997 0.115132
vt 0.476064 0.112638
vt 0.478060 0.098777
vt 0.483744 0.131512
vt 0.473757 0.129130
vt 0.519198 0.085794
vt 0.520398 0.090654
vt 0.513290 0.094342
vt 0.525255 0.080247
vt 0.527273 0.085870
vt 0.530062 0.094928
vt 0.514124 0.101670
vt 0.469938 0.094928
vt 0.472727 0.085870
vt 0.479602 0.090654
vt 0.478060 0.098777
vt 0.486710 0.094342
vt 0.485876 0.101670
vt 0.520467 0.161843
vt 0.509516 0.158265
vt 0.508718 0.146967
vt 0.518125 0.147022
vt 0.500000 0.157011
vt 0.500000 0.146506
vt 0.500000 0.132565
vt 0.507728 0.132436
vt 0.500000 0.146506
vt 0.491282 0.146967
vt 0.492273 0.132436
vt 0.500000 0.157011
vt 0.490484 0.158265
vt 0.479533 0.161843
vt 0.481875 0.147022
vt 0.483744 0.131512
vt 0.515003 0.115132
vt 0.507183 0.116536
vt 0.506886 0.103277
vt 0.507728 0.132436
vt 0.500000 0.132565
vt 0.500000 0.116970
vt 0.500000 0.103752
vt 0.500000 0.132565
vt 0.492273 0.132436
vt 0.492817 0.116536
vt 0.484997 0.115132
vt 0.485876 0.101670
vt 0.493114 0.103277
vt 0.500000 0.103752
vt 0.500000 0.092922
vt 0.506021 0.092828
vt 0.506528 0.095980
vt 0.500000 0.096268
vt 0.506886 0.103277
vt 0.500000 0.103752
vt 0.493472 0.095979
vt 0.493979 0.092828
vt 0.500000 0.103752
vt 0.528833 0.180350
vt 0.524309 0.181403
vt 0.522271 0.174685
vt 0.526684 0.171690
vt 0.521062 0.182023
vt 0.519501 0.176747
vt 0.515347 0.172292
vt 0.517155 0.168928
vt 0.484653 0.172292
vt 0.480499 0.176747
vt 0.477729 0.174685
vt 0.482846 0.168928
vt 0.478938 0.182023
vt 0.475691 0.181403
vt 0.471167 0.180350
vt 0.473316 0.171690
vt 0.522041 0.198967
vt 0.519392 0.195066
vt 0.523372 0.188730
vt 0.527402 0.189970
vt 0.517649 0.192988
vt 0.520433 0.187926
vt 0.524309 0.181403
vt 0.528833 0.180350
vt 0.478938 0.182023
vt 0.479567 0.187926
vt 0.476628 0.188730
vt 0.482351 0.192988
vt 0.480608 0.195066
vt 0.477959 0.198967
vt 0.472598 0.189970
vt 0.500000 0.204726
vt 0.505886 0.199279
vt 0.512712 0.198727
vt 0.512717 0.204963
vt 0.507816 0.196177
vt 0.512958 0.195764
vt 0.517649 0.192988
vt 0.519392 0.195066
vt 0.482351 0.192988
vt 0.487042 0.195764
vt 0.487288 0.198728
vt 0.480608 0.195066
vt 0.492184 0.196177
vt 0.494114 0.199279
vt 0.487283 0.204963
vt 0.477959 0.198967
vt 0.500000 0.197703
vt 0.500000 0.196473
vt 0.502171 0.197569
vt 0.500000 0.199099
vt 0.500000 0.193873
vt 0.503581 0.194855
vt 0.496419 0.194855
vt 0.497829 0.197569
vt 0.500000 0.193873
vt 0.500000 0.196473
vt 0.500000 0.199099
vt 0.509516 0.158265
vt 0.509194 0.164943
vt 0.500000 0.163419
vt 0.517155 0.168928
vt 0.515347 0.172292
vt 0.508445 0.168777
vt 0.500000 0.167306
vt 0.484653 0.172292
vt 0.482846 0.168928
vt 0.490806 0.164943
vt 0.491555 0.168777
vt 0.490485 0.158265
vt 0.500000 0.163419
vt 0.500000 0.167306
vt 0.507587 0.171841
vt 0.500000 0.170593
vt 0.513573 0.174668
vt 0.511752 0.176218
vt 0.507042 0.175090
vt 0.500000 0.174359
vt 0.488248 0.176218
vt 0.486427 0.174668
vt 0.492413 0.171841
vt 0.492958 0.175090
vt 0.500000 0.190899
vt 0.504346 0.192090
vt 0.500000 0.186095
vt 0.505960 0.189533
vt 0.508708 0.191549
vt 0.508462 0.193596
vt 0.491292 0.191549
vt 0.494041 0.189533
vt 0.495654 0.192090
vt 0.491538 0.193596
vt 0.500000 0.190899
vt 0.512584 0.193423
vt 0.511645 0.190936
vt 0.514414 0.189894
vt 0.516015 0.191269
vt 0.485586 0.189894
vt 0.488356 0.190936
vt 0.487416 0.193423
vt 0.483985 0.191269
vt 0.517893 0.187186
vt 0.520433 0.187926
vt 0.514730 0.186939
vt 0.514407 0.182855
vt 0.518223 0.182389
vt 0.485593 0.182855
vt 0.485270 0.186939
vt 0.482107 0.187186
vt 0.481777 0.182389
vt 0.479567 0.187926
vt 0.516957 0.178190
vt 0.513315 0.179034
vt 0.486685 0.179034
vt 0.483043 0.178190
vt 0.486427 0.174668
vt 0.508478 0.183823
vt 0.510217 0.187800
vt 0.514407 0.182855
vt 0.514730 0.186939
vt 0.485270 0.186939
vt 0.489783 0.187800
vt 0.488356 0.190936
vt 0.485593 0.182855
vt 0.491522 0.183823
vt 0.500000 0.179309
vt 0.507446 0.179235
vt 0.508478 0.183823
vt 0.513315 0.179034
vt 0.514407 0.182855
vt 0.492555 0.179235
vt 0.500000 0.179309
vt 0.491522 0.183823
vt 0.485593 0.182855
vt 0.512717 0.204963
vt 0.515236 0.217417
vt 0.500000 0.222511
vt 0.522041 0.198967
vt 0.527403 0.205884
vt 0.522949 0.234696
vt 0.472597 0.205884
vt 0.484764 0.217417
vt 0.500000 0.222511
vt 0.527402 0.189970
vt 0.533670 0.191503
vt 0.528833 0.180350
vt 0.535623 0.178409
vt 0.546658 0.173864
vt 0.545319 0.189427
vt 0.453342 0.173864
vt 0.464377 0.178409
vt 0.466330 0.191503
vt 0.454681 0.189427
vt 0.471167 0.180350
vt 0.472598 0.189970
vt 0.526684 0.171690
vt 0.534364 0.167907
vt 0.531390 0.157504
vt 0.543810 0.152201
vt 0.545967 0.162573
vt 0.456190 0.152201
vt 0.468610 0.157504
vt 0.465637 0.167907
vt 0.454033 0.162573
vt 0.473316 0.171690
vt 0.518125 0.147022
vt 0.528686 0.144471
vt 0.516256 0.131512
vt 0.526243 0.129130
vt 0.537774 0.125226
vt 0.541088 0.139892
vt 0.473757 0.129130
vt 0.471315 0.144471
vt 0.458912 0.139892
vt 0.481875 0.147022
vt 0.566506 0.115790
vt 0.572662 0.128735
vt 0.555893 0.134048
vt 0.550950 0.120208
vt 0.576793 0.139604
vt 0.559487 0.145635
vt 0.543810 0.152201
vt 0.541088 0.139892
vt 0.456190 0.152201
vt 0.440513 0.145635
vt 0.444107 0.134048
vt 0.458912 0.139892
vt 0.423207 0.139604
vt 0.427338 0.128735
vt 0.449050 0.120208
vt 0.579067 0.148796
vt 0.561857 0.155444
vt 0.580098 0.157660
vt 0.562882 0.165788
vt 0.546658 0.173864
vt 0.545967 0.162573
vt 0.453342 0.173864
vt 0.437118 0.165788
vt 0.438143 0.155444
vt 0.454033 0.162573
vt 0.419902 0.157660
vt 0.420933 0.148796
vt 0.587974 0.179933
vt 0.563453 0.178955
vt 0.581441 0.167678
vt 0.545319 0.189427
vt 0.562882 0.165788
vt 0.580098 0.157660
vt 0.454681 0.189427
vt 0.436547 0.178955
vt 0.437118 0.165788
vt 0.430290 0.194436
vt 0.412026 0.179933
vt 0.418559 0.167678
vt 0.419902 0.157660
vt 0.505318 0.091215
vt 0.509354 0.090002
vt 0.500000 0.092922
vt 0.500000 0.091197
vt 0.500000 0.089829
vt 0.504678 0.089850
vt 0.508107 0.088954
vt 0.500000 0.089829
vt 0.494682 0.091215
vt 0.495322 0.089850
vt 0.493979 0.092828
vt 0.490646 0.090002
vt 0.491893 0.088954
vt 0.513415 0.085048
vt 0.510768 0.086397
vt 0.510182 0.082147
vt 0.509366 0.086214
vt 0.508857 0.082755
vt 0.489232 0.086397
vt 0.490634 0.086214
vt 0.486585 0.085048
vt 0.487439 0.080357
vt 0.489818 0.082147
vt 0.491143 0.082755
vt 0.508425 0.078889
vt 0.505941 0.076719
vt 0.508857 0.082755
vt 0.507259 0.079929
vt 0.505041 0.077966
vt 0.491143 0.082755
vt 0.489818 0.082147
vt 0.491575 0.078889
vt 0.492741 0.079929
vt 0.487439 0.080357
vt 0.489407 0.077071
vt 0.492293 0.074940
vt 0.494059 0.076719
vt 0.494959 0.077966
vt 0.504057 0.073568
vt 0.503061 0.075426
vt 0.500000 0.074988
vt 0.502571 0.076818
vt 0.500000 0.076443
vt 0.496939 0.075426
vt 0.497429 0.076818
vt 0.495943 0.073568
vt 0.500000 0.073060
vt 0.500000 0.074988
vt 0.500000 0.076443
vt 0.502571 0.076818
vt 0.502199 0.078607
vt 0.500000 0.078327
vt 0.505041 0.077966
vt 0.504318 0.079484
vt 0.504033 0.081399
vt 0.502117 0.080860
vt 0.500000 0.080667
vt 0.495967 0.081399
vt 0.495682 0.079484
vt 0.497801 0.078607
vt 0.497884 0.080860
vt 0.494959 0.077966
vt 0.497429 0.076818
vt 0.500000 0.076443
vt 0.500000 0.078327
vt 0.507259 0.079929
vt 0.506231 0.080994
vt 0.507615 0.083112
vt 0.506692 0.083355
vt 0.505597 0.082274
vt 0.493308 0.083355
vt 0.492385 0.083112
vt 0.493769 0.080994
vt 0.494403 0.082274
vt 0.492741 0.079929
vt 0.508027 0.085616
vt 0.506930 0.087537
vt 0.505683 0.085744
vt 0.506693 0.084710
vt 0.494318 0.085744
vt 0.493070 0.087537
vt 0.491973 0.085616
vt 0.493307 0.084710
vt 0.503995 0.088104
vt 0.500000 0.088047
vt 0.500000 0.085801
vt 0.503251 0.085916
vt 0.500000 0.085801
vt 0.496005 0.088104
vt 0.496749 0.085916
vt 0.500000 0.083252
vt 0.502533 0.083402
vt 0.503251 0.085916
vt 0.502117 0.080860
vt 0.504033 0.081399
vt 0.504557 0.083604
vt 0.505683 0.085744
vt 0.497884 0.080860
vt 0.497467 0.083402
vt 0.495443 0.083604
vt 0.500000 0.085801
vt 0.494318 0.085744
vt 0.505683 0.085744
vt 0.505634 0.083590
vt 0.506693 0.084710
vt 0.504033 0.081399
vt 0.504557 0.083604
vt 0.506693 0.084710
vt 0.505597 0.082274
vt 0.494366 0.083590
vt 0.495967 0.081399
vt 0.494403 0.082274
vt 0.494317 0.085744
vt 0.495443 0.083604
vt 0.541924 0.284549
vt 0.553497 0.287609
vt 0.551964 0.294790
vt 0.556333 0.281485
vt 0.562735 0.284843
vt 0.560698 0.289608
vt 0.559849 0.295167
vt 0.437265 0.284843
vt 0.443667 0.281485
vt 0.446504 0.287609
vt 0.439302 0.289608
vt 0.454416 0.275588
vt 0.458076 0.284549
vt 0.460000 0.294722
vt 0.448036 0.294790
vt 0.440151 0.295167
vt 0.542702 0.316584
vt 0.539896 0.305771
vt 0.552180 0.302785
vt 0.554481 0.311019
vt 0.560482 0.301287
vt 0.562571 0.307583
vt 0.447820 0.302785
vt 0.439518 0.301287
vt 0.460105 0.305771
vt 0.445519 0.311019
vt 0.437430 0.307583
vt 0.558393 0.332887
vt 0.549262 0.325934
vt 0.559015 0.318705
vt 0.565290 0.324528
vt 0.565991 0.313526
vt 0.570554 0.318139
vt 0.440985 0.318705
vt 0.434009 0.313526
vt 0.450738 0.325934
vt 0.441607 0.332887
vt 0.434710 0.324529
vt 0.429446 0.318139
vt 0.551445 0.268014
vt 0.560406 0.276447
vt 0.567254 0.271991
vt 0.571306 0.277459
vt 0.565889 0.280939
vt 0.428694 0.277459
vt 0.432746 0.271991
vt 0.439594 0.276447
vt 0.434111 0.280939
vt 0.438862 0.262125
vt 0.575468 0.258381
vt 0.577867 0.267936
vt 0.590771 0.257759
vt 0.589427 0.265922
vt 0.588859 0.272504
vt 0.579701 0.274213
vt 0.411141 0.272504
vt 0.410573 0.265922
vt 0.422133 0.267936
vt 0.420299 0.274213
vt 0.409229 0.257759
vt 0.599057 0.267500
vt 0.613798 0.267249
vt 0.607459 0.272033
vt 0.603396 0.276967
vt 0.596548 0.273582
vt 0.396604 0.276967
vt 0.392541 0.272033
vt 0.400943 0.267500
vt 0.403452 0.273582
vt 0.386202 0.267249
vt 0.396657 0.260982
vt 0.623258 0.275408
vt 0.615625 0.278381
vt 0.622115 0.285574
vt 0.615600 0.287396
vt 0.610204 0.281797
vt 0.384400 0.287396
vt 0.377885 0.285574
vt 0.384375 0.278380
vt 0.389796 0.281797
vt 0.369444 0.284417
vt 0.376742 0.275408
vt 0.634351 0.293290
vt 0.625383 0.292746
vt 0.625878 0.299268
vt 0.618527 0.298527
vt 0.618172 0.293154
vt 0.381473 0.298527
vt 0.374122 0.299268
vt 0.374617 0.292746
vt 0.381828 0.293154
vt 0.365109 0.301141
vt 0.365649 0.293290
vt 0.632584 0.307515
vt 0.624227 0.304786
vt 0.619777 0.309803
vt 0.613966 0.307225
vt 0.617395 0.303139
vt 0.386034 0.307225
vt 0.380223 0.309804
vt 0.375773 0.304786
vt 0.382605 0.303139
vt 0.373099 0.313582
vt 0.617747 0.320414
vt 0.612221 0.314825
vt 0.607728 0.327073
vt 0.603899 0.319509
vt 0.600768 0.314638
vt 0.607714 0.311081
vt 0.399233 0.314638
vt 0.396101 0.319509
vt 0.387780 0.314825
vt 0.392286 0.311081
vt 0.392272 0.327073
vt 0.382253 0.320414
vt 0.599394 0.332354
vt 0.597130 0.323367
vt 0.592386 0.336008
vt 0.591486 0.326163
vt 0.590778 0.319995
vt 0.595272 0.317709
vt 0.409222 0.319995
vt 0.408514 0.326163
vt 0.402870 0.323367
vt 0.404728 0.317709
vt 0.407614 0.336008
vt 0.400606 0.332355
vt 0.585598 0.338015
vt 0.585931 0.327771
vt 0.577862 0.338351
vt 0.579738 0.328243
vt 0.581415 0.321470
vt 0.586314 0.321240
vt 0.418585 0.321470
vt 0.420262 0.328243
vt 0.414069 0.327771
vt 0.413686 0.321240
vt 0.422138 0.338351
vt 0.414402 0.338015
vt 0.568440 0.336858
vt 0.572564 0.327473
vt 0.575944 0.320639
vt 0.427436 0.327473
vt 0.424057 0.320639
vt 0.431560 0.336858
vt 0.575943 0.320639
vt 0.578770 0.315447
vt 0.582808 0.316502
vt 0.570554 0.318139
vt 0.574828 0.313220
vt 0.578615 0.309394
vt 0.581307 0.311143
vt 0.583998 0.312892
vt 0.421385 0.309394
vt 0.425172 0.313220
vt 0.421230 0.315447
vt 0.418694 0.311143
vt 0.429446 0.318139
vt 0.424057 0.320639
vt 0.418585 0.321470
vt 0.417192 0.316502
vt 0.416002 0.312892
vt 0.586314 0.321240
vt 0.586610 0.316499
vt 0.590239 0.315611
vt 0.586827 0.312614
vt 0.589656 0.312336
vt 0.413390 0.316499
vt 0.413173 0.312614
vt 0.413686 0.321240
vt 0.409222 0.319995
vt 0.409761 0.315611
vt 0.410344 0.312336
vt 0.600768 0.314638
vt 0.595272 0.317709
vt 0.593991 0.313813
vt 0.598501 0.311335
vt 0.593002 0.310793
vt 0.596347 0.309249
vt 0.406009 0.313813
vt 0.406999 0.310793
vt 0.399233 0.314638
vt 0.401499 0.311335
vt 0.403653 0.309249
vt 0.613966 0.307225
vt 0.607714 0.311081
vt 0.604158 0.308265
vt 0.609200 0.304949
vt 0.601181 0.305883
vt 0.606014 0.302517
vt 0.395842 0.308264
vt 0.398820 0.305883
vt 0.392286 0.311081
vt 0.386034 0.307225
vt 0.390800 0.304949
vt 0.393986 0.302517
vt 0.618527 0.298527
vt 0.617395 0.303139
vt 0.611760 0.301604
vt 0.612592 0.297948
vt 0.606875 0.300019
vt 0.607735 0.297520
vt 0.388240 0.301604
vt 0.393126 0.300019
vt 0.382605 0.303139
vt 0.381473 0.298527
vt 0.387408 0.297948
vt 0.392265 0.297520
vt 0.615600 0.287396
vt 0.612342 0.293738
vt 0.610434 0.289223
vt 0.607360 0.294368
vt 0.606985 0.291216
vt 0.387658 0.293738
vt 0.392640 0.294368
vt 0.381828 0.293154
vt 0.384400 0.287396
vt 0.389566 0.289223
vt 0.393015 0.291216
vt 0.603396 0.276967
vt 0.610204 0.281797
vt 0.606068 0.284691
vt 0.600570 0.280754
vt 0.602630 0.287150
vt 0.598275 0.283083
vt 0.393932 0.284691
vt 0.397370 0.287150
vt 0.389796 0.281797
vt 0.396604 0.276967
vt 0.399431 0.280754
vt 0.401725 0.283083
vt 0.588859 0.272504
vt 0.595045 0.278155
vt 0.588879 0.277316
vt 0.594071 0.281625
vt 0.589866 0.280167
vt 0.404955 0.278155
vt 0.405930 0.281625
vt 0.403452 0.273582
vt 0.411141 0.272504
vt 0.411121 0.277316
vt 0.410134 0.280167
vt 0.571306 0.277459
vt 0.579701 0.274213
vt 0.581435 0.278749
vt 0.574611 0.281370
vt 0.583109 0.282396
vt 0.576352 0.284624
vt 0.418565 0.278749
vt 0.416891 0.282396
vt 0.420299 0.274212
vt 0.428694 0.277459
vt 0.425389 0.281370
vt 0.423648 0.284624
vt 0.562735 0.284843
vt 0.570436 0.284278
vt 0.568093 0.287503
vt 0.574592 0.287270
vt 0.572831 0.289915
vt 0.429564 0.284278
vt 0.425409 0.287270
vt 0.434111 0.280939
vt 0.437265 0.284843
vt 0.431908 0.287503
vt 0.427169 0.289915
vt 0.565991 0.313526
vt 0.571378 0.309615
vt 0.562571 0.307583
vt 0.568682 0.305146
vt 0.573307 0.303342
vt 0.575961 0.306368
vt 0.426693 0.303342
vt 0.431318 0.305146
vt 0.428622 0.309615
vt 0.424039 0.306368
vt 0.437430 0.307583
vt 0.434009 0.313526
vt 0.560482 0.301287
vt 0.567064 0.300316
vt 0.559849 0.295167
vt 0.566435 0.295569
vt 0.572447 0.295716
vt 0.572877 0.299529
vt 0.427553 0.295716
vt 0.433565 0.295569
vt 0.432936 0.300316
vt 0.427123 0.299529
vt 0.440151 0.295167
vt 0.439518 0.301287
vt 0.560698 0.289608
vt 0.566813 0.291277
vt 0.572639 0.292816
vt 0.433187 0.291277
vt 0.427361 0.292816
vt 0.439302 0.289608
vt 0.516777 0.386408
vt 0.515821 0.407158
vt 0.500000 0.406602
vt 0.535452 0.389613
vt 0.534083 0.408694
vt 0.529647 0.428636
vt 0.514824 0.428636
vt 0.500000 0.428636
vt 0.470353 0.428636
vt 0.465917 0.408694
vt 0.484179 0.407158
vt 0.485177 0.428636
vt 0.483223 0.386408
vt 0.500000 0.406602
vt 0.556771 0.393828
vt 0.556832 0.410758
vt 0.576878 0.396871
vt 0.579371 0.411732
vt 0.584616 0.428636
vt 0.557132 0.428636
vt 0.415384 0.428636
vt 0.420629 0.411732
vt 0.443168 0.410758
vt 0.442869 0.428636
vt 0.443229 0.393828
vt 0.592336 0.396552
vt 0.597451 0.409604
vt 0.605977 0.391859
vt 0.614009 0.403636
vt 0.622301 0.417889
vt 0.603459 0.423263
vt 0.377699 0.417889
vt 0.385991 0.403636
vt 0.402549 0.409604
vt 0.396542 0.423263
vt 0.394023 0.391859
vt 0.407664 0.396552
vt 0.621281 0.382365
vt 0.632196 0.392698
vt 0.638037 0.368810
vt 0.651056 0.377824
vt 0.666214 0.388954
vt 0.644258 0.403422
vt 0.333786 0.388954
vt 0.348944 0.377824
vt 0.367804 0.392698
vt 0.355743 0.403422
vt 0.361963 0.368810
vt 0.378719 0.382365
vt 0.654804 0.352697
vt 0.668651 0.359772
vt 0.668910 0.337433
vt 0.683067 0.342199
vt 0.701481 0.344467
vt 0.683848 0.366711
vt 0.298519 0.344467
vt 0.316933 0.342199
vt 0.331349 0.359772
vt 0.316153 0.366711
vt 0.345196 0.352697
vt 0.678116 0.325251
vt 0.691871 0.327820
vt 0.683144 0.311805
vt 0.696461 0.312029
vt 0.712163 0.315527
vt 0.706822 0.329997
vt 0.287837 0.315527
vt 0.303540 0.312029
vt 0.308129 0.327820
vt 0.293178 0.329997
vt 0.316856 0.311805
vt 0.321884 0.325251
vt 0.684695 0.293078
vt 0.697063 0.290249
vt 0.680447 0.272960
vt 0.691932 0.267652
vt 0.707131 0.260944
vt 0.711922 0.285952
vt 0.292869 0.260944
vt 0.308068 0.267652
vt 0.302937 0.290249
vt 0.288078 0.285952
vt 0.319553 0.272960
vt 0.315305 0.293078
vt 0.668706 0.255950
vt 0.679719 0.248846
vt 0.691932 0.267652
vt 0.653327 0.241076
vt 0.664000 0.232869
vt 0.680510 0.223515
vt 0.695919 0.240630
vt 0.707131 0.260944
vt 0.319490 0.223515
vt 0.336000 0.232869
vt 0.320281 0.248846
vt 0.304081 0.240630
vt 0.346673 0.241076
vt 0.319553 0.272960
vt 0.308068 0.267652
vt 0.292869 0.260944
vt 0.653327 0.241076
vt 0.638208 0.226314
vt 0.648351 0.217657
vt 0.664000 0.232869
vt 0.621871 0.210918
vt 0.631526 0.202031
vt 0.640218 0.189271
vt 0.663164 0.207287
vt 0.680510 0.223515
vt 0.359782 0.189271
vt 0.368474 0.202031
vt 0.351649 0.217657
vt 0.336836 0.207287
vt 0.361792 0.226314
vt 0.346673 0.241076
vt 0.336000 0.232869
vt 0.319490 0.223515
vt 0.603553 0.023452
vt 0.614341 0.026457
vt 0.614876 0.047507
vt 0.597975 0.040208
vt 0.625128 0.029461
vt 0.628764 0.053341
vt 0.627643 0.076039
vt 0.613032 0.067150
vt 0.595852 0.057066
vt 0.372357 0.076039
vt 0.371236 0.053341
vt 0.385124 0.047507
vt 0.386968 0.067150
vt 0.374872 0.029461
vt 0.385660 0.026457
vt 0.396447 0.023452
vt 0.402025 0.040208
vt 0.404148 0.057066
vt 0.546781 0.009442
vt 0.575167 0.016447
vt 0.576080 0.033087
vt 0.553169 0.029708
vt 0.576419 0.048510
vt 0.557078 0.043913
vt 0.423920 0.033087
vt 0.423581 0.048510
vt 0.424833 0.016447
vt 0.453219 0.009442
vt 0.446832 0.029708
vt 0.442923 0.043913
vt 0.500000 0.033223
vt 0.523391 0.021333
vt 0.533089 0.033671
vt 0.518423 0.041365
vt 0.540487 0.044770
vt 0.528540 0.049111
vt 0.466911 0.033671
vt 0.459513 0.044770
vt 0.476610 0.021333
vt 0.481578 0.041365
vt 0.471460 0.049111
vt 0.519161 0.059644
vt 0.512270 0.049564
vt 0.522160 0.054442
vt 0.500000 0.055045
vt 0.500000 0.046920
vt 0.518422 0.041365
vt 0.500000 0.046920
vt 0.487730 0.049564
vt 0.481578 0.041365
vt 0.500000 0.055045
vt 0.489666 0.056549
vt 0.480839 0.059644
vt 0.477840 0.054442
vt 0.471460 0.049111
vt 0.529722 0.065076
vt 0.525404 0.062574
vt 0.528986 0.058878
vt 0.534133 0.062215
vt 0.534799 0.055696
vt 0.537892 0.059801
vt 0.471015 0.058878
vt 0.465201 0.055696
vt 0.474596 0.062574
vt 0.470278 0.065076
vt 0.465867 0.062215
vt 0.462108 0.059801
vt 0.537307 0.071208
vt 0.533252 0.067508
vt 0.539759 0.064742
vt 0.546967 0.068559
vt 0.544721 0.060943
vt 0.555423 0.064317
vt 0.460241 0.064742
vt 0.455279 0.060943
vt 0.466748 0.067508
vt 0.462693 0.071208
vt 0.453033 0.068559
vt 0.444577 0.064317
vt 0.556076 0.075514
vt 0.566198 0.085873
vt 0.546967 0.068559
vt 0.568316 0.071381
vt 0.581580 0.081806
vt 0.444577 0.064317
vt 0.453033 0.068559
vt 0.443924 0.075514
vt 0.431684 0.071381
vt 0.462693 0.071208
vt 0.457030 0.077612
vt 0.433802 0.085873
vt 0.418420 0.081806
vt 0.558471 0.055810
vt 0.574686 0.061954
vt 0.568316 0.071381
vt 0.576419 0.048510
vt 0.595852 0.057066
vt 0.591230 0.071750
vt 0.581580 0.081806
vt 0.404148 0.057066
vt 0.423581 0.048510
vt 0.425314 0.061954
vt 0.408770 0.071750
vt 0.441529 0.055810
vt 0.431684 0.071381
vt 0.544733 0.054173
vt 0.528540 0.049111
vt 0.540487 0.044770
vt 0.557078 0.043913
vt 0.471460 0.049111
vt 0.465201 0.055696
vt 0.455267 0.054173
vt 0.459513 0.044770
vt 0.441529 0.055810
vt 0.442923 0.043913
vt 0.603014 0.107106
vt 0.593460 0.094491
vt 0.606073 0.083524
vt 0.618415 0.094631
vt 0.591230 0.071750
vt 0.595852 0.057066
vt 0.613032 0.067150
vt 0.627643 0.076039
vt 0.408770 0.071750
vt 0.393928 0.083524
vt 0.386968 0.067150
vt 0.406540 0.094491
vt 0.396986 0.107106
vt 0.381585 0.094631
vt 0.566506 0.115790
vt 0.558560 0.101176
vt 0.576143 0.099079
vt 0.584671 0.112786
vt 0.423857 0.099079
vt 0.441440 0.101176
vt 0.415329 0.112786
vt 0.594692 0.135608
vt 0.595232 0.145343
vt 0.579067 0.148796
vt 0.619526 0.131413
vt 0.613814 0.147475
vt 0.608571 0.156991
vt 0.594446 0.153738
vt 0.391429 0.156991
vt 0.386186 0.147475
vt 0.404768 0.145343
vt 0.405554 0.153738
vt 0.380474 0.131413
vt 0.405309 0.135608
vt 0.423207 0.139604
vt 0.420933 0.148796
vt 0.419902 0.157660
vt 0.566506 0.115790
vt 0.584671 0.112786
vt 0.590872 0.124854
vt 0.610264 0.118077
vt 0.389737 0.118077
vt 0.409128 0.124854
vt 0.396986 0.107106
vt 0.433494 0.115790
vt 0.427338 0.128735
vt 0.587974 0.179933
vt 0.581441 0.167678
vt 0.594548 0.161813
vt 0.599872 0.172169
vt 0.580098 0.157660
vt 0.594446 0.153738
vt 0.608571 0.156991
vt 0.605394 0.163427
vt 0.606804 0.170410
vt 0.391429 0.156991
vt 0.405554 0.153738
vt 0.405452 0.161813
vt 0.394606 0.163427
vt 0.418559 0.167678
vt 0.400129 0.172169
vt 0.393196 0.170410
vt 0.587974 0.179933
vt 0.599871 0.172169
vt 0.613478 0.186173
vt 0.617927 0.179213
vt 0.631526 0.202031
vt 0.621871 0.210918
vt 0.382073 0.179213
vt 0.386522 0.186173
vt 0.368474 0.202031
vt 0.400129 0.172169
vt 0.922374 0.064228
vt 0.891623 0.097679
vt 0.867108 0.077870
vt 0.891858 0.045729
vt 0.865466 0.119496
vt 0.847946 0.103808
vt 0.826331 0.095429
vt 0.839593 0.065176
vt 0.861342 0.027230
vt 0.173669 0.095429
vt 0.152054 0.103808
vt 0.132892 0.077870
vt 0.160407 0.065176
vt 0.134534 0.119496
vt 0.108377 0.097679
vt 0.077626 0.064228
vt 0.108142 0.045729
vt 0.138658 0.027230
vt 0.805710 0.056486
vt 0.817973 0.019034
vt 0.797985 0.088803
vt 0.761146 0.084697
vt 0.763901 0.051956
vt 0.774604 0.010837
vt 0.238854 0.084697
vt 0.202015 0.088803
vt 0.194290 0.056486
vt 0.236099 0.051956
vt 0.182027 0.019034
vt 0.225396 0.010837
vt 0.713213 0.053480
vt 0.710807 0.019777
vt 0.716002 0.085063
vt 0.667831 0.090156
vt 0.667508 0.056654
vt 0.647010 0.028716
vt 0.332169 0.090156
vt 0.283998 0.085063
vt 0.286787 0.053480
vt 0.332492 0.056654
vt 0.289193 0.019777
vt 0.352990 0.028716
vt 0.642878 0.056331
vt 0.636069 0.029089
vt 0.641743 0.082147
vt 0.627643 0.076039
vt 0.372357 0.076039
vt 0.358257 0.082147
vt 0.357122 0.056331
vt 0.371236 0.053341
vt 0.363931 0.029089
vt 0.618415 0.094631
vt 0.628797 0.103314
vt 0.627643 0.076039
vt 0.641743 0.082147
vt 0.641528 0.112416
vt 0.358257 0.082147
vt 0.371203 0.103314
vt 0.358473 0.112416
vt 0.381585 0.094631
vt 0.695919 0.240630
vt 0.721074 0.229737
vt 0.729848 0.251395
vt 0.706670 0.210875
vt 0.740018 0.196440
vt 0.747508 0.219460
vt 0.753510 0.241834
vt 0.259983 0.196440
vt 0.293330 0.210875
vt 0.278927 0.229737
vt 0.252493 0.219460
vt 0.270152 0.251395
vt 0.246491 0.241834
vt 0.987633 0.154243
vt 0.934703 0.168068
vt 0.915197 0.129091
vt 0.955004 0.109236
vt 0.896127 0.177540
vt 0.881994 0.144724
vt 0.118006 0.144724
vt 0.084803 0.129091
vt 0.103873 0.177540
vt 0.065297 0.168069
vt 0.012367 0.154243
vt 0.044997 0.109236
vt 0.899807 0.420886
vt 0.868892 0.382737
vt 0.896250 0.358417
vt 0.929385 0.389136
vt 0.845385 0.349477
vt 0.869249 0.330319
vt 0.887250 0.308014
vt 0.918638 0.329726
vt 0.958963 0.357385
vt 0.112750 0.308014
vt 0.130751 0.330319
vt 0.103750 0.358417
vt 0.081362 0.329726
vt 0.154615 0.349477
vt 0.131108 0.382737
vt 0.100193 0.420886
vt 0.070615 0.389136
vt 0.041037 0.357385
vt 0.935976 0.294352
vt 0.979412 0.305458
vt 0.900585 0.282038
vt 0.907259 0.251051
vt 0.946139 0.254228
vt 0.999860 0.253531
vt 0.092741 0.251051
vt 0.099415 0.282038
vt 0.064024 0.294352
vt 0.053861 0.254228
vt 0.020589 0.305458
vt 0.000140 0.253531
vt 0.945040 0.211094
vt 0.993747 0.203887
vt 0.905311 0.214719
vt 0.094689 0.214719
vt 0.054960 0.211094
vt 0.006254 0.203887
vt 0.724763 0.340212
vt 0.718463 0.327870
vt 0.737667 0.319613
vt 0.745142 0.334808
vt 0.732597 0.303068
vt 0.753053 0.294290
vt 0.758828 0.310611
vt 0.767386 0.325333
vt 0.246947 0.294290
vt 0.267403 0.303068
vt 0.262333 0.319613
vt 0.241172 0.310611
vt 0.281537 0.327870
vt 0.275237 0.340212
vt 0.254858 0.334808
vt 0.232614 0.325333
vt 0.767386 0.325333
vt 0.758828 0.310611
vt 0.782964 0.300147
vt 0.793667 0.314387
vt 0.753053 0.294290
vt 0.774593 0.284658
vt 0.794728 0.273645
vt 0.806104 0.288188
vt 0.819032 0.301906
vt 0.205272 0.273645
vt 0.225407 0.284658
vt 0.217036 0.300147
vt 0.193896 0.288188
vt 0.246947 0.294290
vt 0.241172 0.310611
vt 0.232614 0.325333
vt 0.206333 0.314387
vt 0.180968 0.301906
vt 0.824058 0.274889
vt 0.838249 0.287622
vt 0.810902 0.261307
vt 0.822856 0.248111
vt 0.836824 0.260438
vt 0.851701 0.271726
vt 0.177144 0.248111
vt 0.189098 0.261307
vt 0.175943 0.274889
vt 0.163176 0.260438
vt 0.161752 0.287622
vt 0.148299 0.271726
vt 0.851701 0.271727
vt 0.836824 0.260438
vt 0.845020 0.244939
vt 0.860550 0.254189
vt 0.822856 0.248111
vt 0.830972 0.234937
vt 0.835584 0.224788
vt 0.847283 0.227859
vt 0.863440 0.233646
vt 0.164416 0.224788
vt 0.169028 0.234937
vt 0.154980 0.244939
vt 0.152717 0.227859
vt 0.163176 0.260438
vt 0.148299 0.271726
vt 0.139450 0.254189
vt 0.136560 0.233646
vt 0.813499 0.190705
vt 0.833095 0.188120
vt 0.842088 0.208196
vt 0.827882 0.210681
vt 0.850889 0.184430
vt 0.859324 0.209358
vt 0.863440 0.233646
vt 0.847283 0.227859
vt 0.136560 0.233646
vt 0.140676 0.209358
vt 0.157912 0.208196
vt 0.152717 0.227859
vt 0.149111 0.184430
vt 0.166905 0.188120
vt 0.186501 0.190705
vt 0.172118 0.210681
vt 0.896127 0.177540
vt 0.905311 0.214719
vt 0.878484 0.212918
vt 0.869955 0.181958
vt 0.907259 0.251051
vt 0.881569 0.242801
vt 0.863440 0.233646
vt 0.859324 0.209358
vt 0.850889 0.184430
vt 0.118431 0.242801
vt 0.121516 0.212918
vt 0.140676 0.209358
vt 0.092741 0.251051
vt 0.094689 0.214719
vt 0.103873 0.177540
vt 0.130045 0.181958
vt 0.149111 0.184430
vt 0.900585 0.282038
vt 0.877160 0.267497
vt 0.887250 0.308014
vt 0.866656 0.287999
vt 0.851701 0.271726
vt 0.860550 0.254189
vt 0.133344 0.287999
vt 0.122840 0.267497
vt 0.139450 0.254189
vt 0.099415 0.282038
vt 0.869249 0.330320
vt 0.851578 0.306157
vt 0.845385 0.349477
vt 0.830477 0.322131
vt 0.819032 0.301906
vt 0.838248 0.287622
vt 0.180968 0.301906
vt 0.169523 0.322131
vt 0.148422 0.306157
vt 0.161752 0.287623
vt 0.154615 0.349477
vt 0.130751 0.330320
vt 0.815480 0.365643
vt 0.802870 0.335762
vt 0.786623 0.378317
vt 0.775112 0.347298
vt 0.224889 0.347298
vt 0.197130 0.335762
vt 0.206333 0.314387
vt 0.213377 0.378317
vt 0.184520 0.365643
vt 0.744519 0.390057
vt 0.734641 0.365135
vt 0.753141 0.357000
vt 0.765006 0.387000
vt 0.775112 0.347298
vt 0.786623 0.378317
vt 0.246859 0.357000
vt 0.224889 0.347298
vt 0.265359 0.365135
vt 0.255481 0.390057
vt 0.234994 0.387000
vt 0.213377 0.378317
vt 0.824765 0.470987
vt 0.805821 0.418213
vt 0.836442 0.403275
vt 0.862286 0.445937
vt 0.815480 0.365643
vt 0.184520 0.365643
vt 0.163558 0.403275
vt 0.194179 0.418213
vt 0.175235 0.470987
vt 0.137714 0.445937
vt 0.792141 0.464714
vt 0.767161 0.463129
vt 0.751374 0.437427
vt 0.767752 0.429309
vt 0.742181 0.461543
vt 0.734518 0.447059
vt 0.726855 0.432574
vt 0.735687 0.411316
vt 0.273145 0.432574
vt 0.265482 0.447059
vt 0.248626 0.437427
vt 0.264313 0.411316
vt 0.257819 0.461543
vt 0.232839 0.463129
vt 0.207859 0.464714
vt 0.232249 0.429309
vt 0.783978 0.424258
vt 0.800333 0.458122
vt 0.216022 0.424258
vt 0.232249 0.429309
vt 0.199667 0.458122
vt 0.795638 0.489991
vt 0.793890 0.477353
vt 0.802960 0.473750
vt 0.810202 0.480489
vt 0.800333 0.458122
vt 0.810202 0.480489
vt 0.800333 0.458122
vt 0.197040 0.473750
vt 0.189799 0.480489
vt 0.206111 0.477353
vt 0.199667 0.458122
vt 0.204362 0.489991
vt 0.206111 0.477353
vt 0.731910 0.278001
vt 0.753356 0.269191
vt 0.268090 0.278001
vt 0.246644 0.269191
vt 0.753509 0.241834
vt 0.771186 0.234649
vt 0.772378 0.260909
vt 0.785607 0.225047
vt 0.788532 0.251830
vt 0.794728 0.273645
vt 0.774593 0.284658
vt 0.753053 0.294290
vt 0.211468 0.251830
vt 0.227622 0.260909
vt 0.214393 0.225047
vt 0.228814 0.234649
vt 0.246491 0.241834
vt 0.246644 0.269191
vt 0.246947 0.294290
vt 0.797150 0.219961
vt 0.801747 0.241119
vt 0.802950 0.203415
vt 0.811700 0.228910
vt 0.188300 0.228910
vt 0.198253 0.241119
vt 0.189098 0.261307
vt 0.197050 0.203415
vt 0.202850 0.219961
vt 0.819264 0.218244
vt 0.808225 0.197060
vt 0.830972 0.234937
vt 0.811701 0.228910
vt 0.177144 0.248111
vt 0.169028 0.234937
vt 0.180736 0.218244
vt 0.188300 0.228910
vt 0.191776 0.197060
vt 0.722702 0.112664
vt 0.683158 0.117844
vt 0.761146 0.084697
vt 0.762807 0.110868
vt 0.767097 0.133044
vt 0.732137 0.137866
vt 0.689580 0.148245
vt 0.232904 0.133044
vt 0.237193 0.110868
vt 0.277298 0.112664
vt 0.267863 0.137866
vt 0.238854 0.084697
vt 0.316842 0.117844
vt 0.310420 0.148245
vt 0.716478 0.174594
vt 0.745720 0.160891
vt 0.759568 0.177894
vt 0.732138 0.137866
vt 0.772483 0.153402
vt 0.780113 0.169386
vt 0.232904 0.133044
vt 0.267863 0.137866
vt 0.254280 0.160891
vt 0.227517 0.153402
vt 0.283522 0.174594
vt 0.240432 0.177894
vt 0.219887 0.169386
vt 0.687300 0.191929
vt 0.663865 0.173159
vt 0.336135 0.173159
vt 0.312700 0.191929
vt 0.624964 0.169041
vt 0.637763 0.157591
vt 0.649718 0.139803
vt 0.386187 0.147475
vt 0.362238 0.157591
vt 0.350283 0.139803
vt 0.391429 0.156991
vt 0.375036 0.169041
vt 0.656629 0.122976
vt 0.649717 0.139803
vt 0.683158 0.117844
vt 0.683158 0.117844
vt 0.343371 0.122976
vt 0.350283 0.139803
vt 0.316842 0.117844
vt 0.358473 0.112416
vt 0.615823 0.170880
vt 0.624964 0.169041
vt 0.605394 0.163427
vt 0.608571 0.156991
vt 0.624964 0.169041
vt 0.605394 0.163427
vt 0.394606 0.163427
vt 0.384177 0.170880
vt 0.382074 0.179213
vt 0.394606 0.163427
vt 0.375036 0.169041
vt 0.808644 0.180943
vt 0.824462 0.171350
vt 0.833095 0.188120
vt 0.803789 0.171181
vt 0.813087 0.158813
vt 0.825784 0.140699
vt 0.840739 0.162092
vt 0.174216 0.140699
vt 0.186913 0.158813
vt 0.175538 0.171350
vt 0.159261 0.162092
vt 0.196211 0.171181
vt 0.191356 0.180943
vt 0.166905 0.188120
vt 0.869955 0.181958
vt 0.858660 0.154629
vt 0.840739 0.162092
vt 0.846783 0.132955
vt 0.159261 0.162092
vt 0.141340 0.154629
vt 0.153217 0.132955
vt 0.130045 0.181958
vt 0.795122 0.153023
vt 0.791951 0.170284
vt 0.797272 0.134276
vt 0.813087 0.158813
vt 0.202728 0.134276
vt 0.204878 0.153023
vt 0.208049 0.170284
vt 0.797985 0.088803
vt 0.796426 0.113704
vt 0.826331 0.095429
vt 0.822278 0.117915
vt 0.177722 0.117915
vt 0.203574 0.113704
vt 0.173669 0.095429
vt 0.865466 0.119496
vt 0.838413 0.119035
vt 0.822278 0.117915
vt 0.846783 0.132955
vt 0.826331 0.095429
vt 0.847946 0.103808
vt 0.177722 0.117915
vt 0.161587 0.119035
vt 0.152054 0.103808
vt 0.134534 0.119496
vt 0.153217 0.132955
vt 0.574628 0.959188
vt 0.519572 0.959188
vt 0.516046 0.922936
vt 0.561802 0.915652
vt 0.464516 0.959188
vt 0.474551 0.920758
vt 0.478397 0.891177
vt 0.511865 0.891435
vt 0.546486 0.884398
vt 0.271829 0.891177
vt 0.275675 0.920758
vt 0.234181 0.922936
vt 0.238361 0.891435
vt 0.285710 0.959188
vt 0.230654 0.959188
vt 0.175598 0.959188
vt 0.188424 0.915652
vt 0.203740 0.884398
vt 0.609269 0.895978
vt 0.645261 0.928129
vt 0.579383 0.869204
vt 0.602918 0.845870
vt 0.644486 0.864912
vt 0.715894 0.897069
vt 0.147308 0.845870
vt 0.170843 0.869204
vt 0.140958 0.895978
vt 0.105740 0.864912
vt 0.203740 0.884398
vt 0.188424 0.915652
vt 0.104965 0.928129
vt 0.034332 0.897069
vt 0.651095 0.821545
vt 0.699884 0.827040
vt 0.610634 0.815930
vt 0.605563 0.786110
vt 0.640167 0.779387
vt 0.683874 0.757011
vt 0.144664 0.786110
vt 0.139592 0.815930
vt 0.099131 0.821545
vt 0.110059 0.779387
vt 0.050342 0.827040
vt 0.066352 0.757011
vt 0.619586 0.751802
vt 0.642922 0.736745
vt 0.592711 0.762554
vt 0.575509 0.743899
vt 0.596736 0.732188
vt 0.616494 0.718829
vt 0.174717 0.743899
vt 0.157515 0.762554
vt 0.130640 0.751802
vt 0.153490 0.732188
vt 0.107304 0.736745
vt 0.133732 0.718829
vt 0.616494 0.718829
vt 0.596736 0.732188
vt 0.574099 0.714494
vt 0.592767 0.700818
vt 0.575509 0.743899
vt 0.556364 0.727394
vt 0.535174 0.712262
vt 0.550439 0.697425
vt 0.568762 0.682226
vt 0.215052 0.712262
vt 0.193862 0.727394
vt 0.176127 0.714494
vt 0.199788 0.697425
vt 0.174717 0.743899
vt 0.153490 0.732188
vt 0.133732 0.718829
vt 0.157460 0.700818
vt 0.181464 0.682226
vt 0.523843 0.680612
vt 0.542017 0.662681
vt 0.511127 0.698351
vt 0.483059 0.686046
vt 0.492106 0.663910
vt 0.509951 0.641511
vt 0.267167 0.686046
vt 0.239099 0.698351
vt 0.226383 0.680612
vt 0.258121 0.663910
vt 0.208209 0.662681
vt 0.240275 0.641510
vt 0.523035 0.725478
vt 0.502570 0.713953
vt 0.513367 0.736876
vt 0.496558 0.727138
vt 0.478437 0.719479
vt 0.479512 0.704615
vt 0.271789 0.719479
vt 0.253668 0.727138
vt 0.247656 0.713953
vt 0.270714 0.704615
vt 0.236859 0.736876
vt 0.227191 0.725478
vt 0.556793 0.753282
vt 0.541105 0.738607
vt 0.541246 0.760746
vt 0.528405 0.748145
vt 0.221821 0.748145
vt 0.209121 0.738607
vt 0.208980 0.760746
vt 0.193433 0.753282
vt 0.605562 0.786110
vt 0.578305 0.788819
vt 0.569742 0.769732
vt 0.592711 0.762554
vt 0.557492 0.789842
vt 0.551327 0.774608
vt 0.198899 0.774608
vt 0.180484 0.769732
vt 0.192734 0.789842
vt 0.171921 0.788819
vt 0.144664 0.786110
vt 0.157515 0.762554
vt 0.602918 0.845870
vt 0.573835 0.831938
vt 0.580442 0.810681
vt 0.610634 0.815930
vt 0.553278 0.821575
vt 0.558490 0.806171
vt 0.191736 0.806171
vt 0.169784 0.810681
vt 0.196948 0.821575
vt 0.176391 0.831938
vt 0.147308 0.845870
vt 0.139592 0.815930
vt 0.546486 0.884398
vt 0.534023 0.860442
vt 0.557245 0.848936
vt 0.579383 0.869204
vt 0.524733 0.842213
vt 0.541426 0.833901
vt 0.208800 0.833901
vt 0.192981 0.848936
vt 0.225493 0.842213
vt 0.216203 0.860442
vt 0.203740 0.884398
vt 0.546486 0.884398
vt 0.511865 0.891435
vt 0.508191 0.866036
vt 0.534023 0.860442
vt 0.478397 0.891177
vt 0.481859 0.866134
vt 0.485167 0.845418
vt 0.505421 0.846022
vt 0.524733 0.842213
vt 0.265059 0.845417
vt 0.268367 0.866134
vt 0.242035 0.866036
vt 0.244805 0.846022
vt 0.271829 0.891177
vt 0.238361 0.891435
vt 0.203740 0.884398
vt 0.216203 0.860442
vt 0.225493 0.842213
vt 0.759568 0.177894
vt 0.770332 0.184676
vt 0.763030 0.197103
vt 0.783132 0.175257
vt 0.786150 0.181127
vt 0.777626 0.186156
vt 0.774208 0.194778
vt 0.213850 0.181127
vt 0.216869 0.175257
vt 0.229668 0.184676
vt 0.222374 0.186156
vt 0.236970 0.197103
vt 0.225792 0.194778
vt 0.408153 0.587507
vt 0.469381 0.617758
vt 0.453411 0.647273
vt 0.408882 0.630765
vt 0.509951 0.641510
vt 0.492105 0.663910
vt 0.483059 0.686046
vt 0.450049 0.676375
vt 0.409610 0.674022
vt 0.267167 0.686046
vt 0.258121 0.663910
vt 0.296815 0.647273
vt 0.300177 0.676375
vt 0.240275 0.641510
vt 0.280845 0.617758
vt 0.342073 0.587507
vt 0.341345 0.630765
vt 0.340616 0.674022
vt 0.765874 0.213520
vt 0.771186 0.234649
vt 0.777530 0.207879
vt 0.234126 0.213520
vt 0.222470 0.207879
vt 0.228814 0.234649
vt 0.400301 0.910556
vt 0.407228 0.894437
vt 0.439551 0.909525
vt 0.432409 0.934872
vt 0.414155 0.878318
vt 0.447072 0.885130
vt 0.478397 0.891177
vt 0.474551 0.920758
vt 0.271829 0.891177
vt 0.303154 0.885131
vt 0.310675 0.909525
vt 0.275675 0.920758
vt 0.336071 0.878318
vt 0.342998 0.894437
vt 0.349925 0.910556
vt 0.317818 0.934872
vt 0.483059 0.686046
vt 0.479512 0.704615
vt 0.454406 0.698551
vt 0.450049 0.676375
vt 0.478437 0.719479
vt 0.460003 0.714724
vt 0.444369 0.714480
vt 0.432071 0.698602
vt 0.305857 0.714480
vt 0.290223 0.714724
vt 0.295820 0.698551
vt 0.318155 0.698602
vt 0.271789 0.719479
vt 0.270714 0.704615
vt 0.267167 0.686046
vt 0.300177 0.676375
vt 0.430148 0.728711
vt 0.415721 0.720660
vt 0.419682 0.707193
vt 0.434438 0.719796
vt 0.392812 0.710774
vt 0.401211 0.692398
vt 0.432071 0.698602
vt 0.444369 0.714480
vt 0.349015 0.692398
vt 0.330544 0.707194
vt 0.318155 0.698602
vt 0.357414 0.710774
vt 0.334505 0.720660
vt 0.320078 0.728711
vt 0.315788 0.719796
vt 0.305857 0.714480
vt 0.423608 0.756432
vt 0.411463 0.743520
vt 0.420204 0.736114
vt 0.427559 0.748080
vt 0.415721 0.720660
vt 0.430148 0.728711
vt 0.430302 0.738481
vt 0.431951 0.745678
vt 0.320078 0.728711
vt 0.334505 0.720660
vt 0.330022 0.736114
vt 0.319924 0.738481
vt 0.338763 0.743520
vt 0.326618 0.756432
vt 0.322667 0.748080
vt 0.318275 0.745678
vt 0.427743 0.795436
vt 0.412294 0.802298
vt 0.409195 0.769765
vt 0.423542 0.773857
vt 0.391578 0.815187
vt 0.392195 0.762981
vt 0.358031 0.762981
vt 0.341031 0.769765
vt 0.358648 0.815187
vt 0.337932 0.802298
vt 0.322483 0.795436
vt 0.326684 0.773857
vt 0.402867 0.846753
vt 0.420886 0.829514
vt 0.435134 0.849876
vt 0.412294 0.802298
vt 0.436040 0.815125
vt 0.448675 0.830507
vt 0.322483 0.795436
vt 0.337932 0.802299
vt 0.329340 0.829514
vt 0.314186 0.815125
vt 0.347360 0.846753
vt 0.315092 0.849876
vt 0.301551 0.830507
vt 0.456683 0.861151
vt 0.481859 0.866134
vt 0.465599 0.840461
vt 0.293543 0.861151
vt 0.284627 0.840461
vt 0.268367 0.866134
vt 0.265059 0.845418
vt 0.791773 0.206854
vt 0.797593 0.206598
vt 0.797150 0.219961
vt 0.797710 0.195652
vt 0.800145 0.197705
vt 0.802580 0.199758
vt 0.802765 0.201587
vt 0.197420 0.199758
vt 0.199855 0.197705
vt 0.202407 0.206598
vt 0.197235 0.201587
vt 0.202290 0.195652
vt 0.208228 0.206854
vt 0.202850 0.219961
vt 0.786094 0.199471
vt 0.791773 0.206854
vt 0.782492 0.190815
vt 0.789609 0.184671
vt 0.793660 0.190162
vt 0.210391 0.184671
vt 0.217508 0.190815
vt 0.213906 0.199471
vt 0.206341 0.190162
vt 0.208228 0.206854
vt 0.774208 0.194778
vt 0.782271 0.186127
vt 0.787880 0.182899
vt 0.777626 0.186156
vt 0.782492 0.190815
vt 0.787880 0.182899
vt 0.212121 0.182899
vt 0.217730 0.186127
vt 0.217508 0.190815
vt 0.222374 0.186156
vt 0.212121 0.182899
vt 0.225792 0.194778
vt 0.217508 0.190815
vt 0.465599 0.840461
vt 0.472511 0.824106
vt 0.487963 0.828981
vt 0.448675 0.830507
vt 0.458652 0.815659
vt 0.466180 0.803889
vt 0.477937 0.811208
vt 0.490554 0.816033
vt 0.284046 0.803889
vt 0.291574 0.815659
vt 0.277715 0.824106
vt 0.272289 0.811208
vt 0.301551 0.830507
vt 0.284627 0.840461
vt 0.262263 0.828982
vt 0.259672 0.816033
vt 0.447530 0.803765
vt 0.439422 0.789579
vt 0.448088 0.783689
vt 0.456118 0.794388
vt 0.302138 0.783689
vt 0.310804 0.789579
vt 0.302696 0.803765
vt 0.294108 0.794388
vt 0.322483 0.795436
vt 0.423542 0.773857
vt 0.434430 0.774883
vt 0.439422 0.789579
vt 0.423608 0.756432
vt 0.432908 0.762868
vt 0.438903 0.765722
vt 0.442266 0.773174
vt 0.448088 0.783689
vt 0.311323 0.765722
vt 0.317318 0.762868
vt 0.315796 0.774883
vt 0.307960 0.773174
vt 0.326684 0.773857
vt 0.310804 0.789579
vt 0.302138 0.783689
vt 0.427559 0.748080
vt 0.434934 0.755645
vt 0.437813 0.750373
vt 0.444880 0.756293
vt 0.441639 0.761612
vt 0.305346 0.756293
vt 0.312414 0.750373
vt 0.315292 0.755645
vt 0.308587 0.761612
vt 0.322667 0.748080
vt 0.439277 0.743779
vt 0.441036 0.736364
vt 0.450156 0.743396
vt 0.447517 0.750025
vt 0.300070 0.743396
vt 0.309190 0.736364
vt 0.310949 0.743780
vt 0.302709 0.750025
vt 0.434438 0.719796
vt 0.445033 0.729698
vt 0.444369 0.714480
vt 0.452267 0.725889
vt 0.456628 0.732950
vt 0.453480 0.737248
vt 0.293598 0.732950
vt 0.297959 0.725889
vt 0.305193 0.729698
vt 0.296746 0.737248
vt 0.315788 0.719796
vt 0.463534 0.726810
vt 0.477300 0.731314
vt 0.475253 0.740887
vt 0.464370 0.735905
vt 0.274973 0.740887
vt 0.272926 0.731314
vt 0.286692 0.726810
vt 0.285856 0.735905
vt 0.524733 0.842213
vt 0.505421 0.846021
vt 0.503644 0.830386
vt 0.518173 0.828287
vt 0.487963 0.828981
vt 0.490554 0.816033
vt 0.503021 0.818250
vt 0.514138 0.817862
vt 0.259672 0.816033
vt 0.262263 0.828981
vt 0.246582 0.830386
vt 0.247205 0.818250
vt 0.244805 0.846021
vt 0.232053 0.828287
vt 0.236088 0.817861
vt 0.553278 0.821575
vt 0.541426 0.833901
vt 0.530198 0.822686
vt 0.538533 0.813905
vt 0.522718 0.814756
vt 0.528105 0.808602
vt 0.220028 0.822686
vt 0.227508 0.814756
vt 0.208800 0.833901
vt 0.196948 0.821575
vt 0.211693 0.813905
vt 0.222121 0.808602
vt 0.557492 0.789842
vt 0.558490 0.806171
vt 0.542359 0.802666
vt 0.541688 0.790371
vt 0.530589 0.800274
vt 0.529884 0.790938
vt 0.207867 0.802666
vt 0.219637 0.800274
vt 0.191736 0.806171
vt 0.208538 0.790371
vt 0.220342 0.790938
vt 0.541246 0.760746
vt 0.536851 0.778343
vt 0.528652 0.766937
vt 0.557492 0.789842
vt 0.541688 0.790371
vt 0.529884 0.790938
vt 0.525704 0.781560
vt 0.518616 0.772367
vt 0.220342 0.790938
vt 0.208538 0.790371
vt 0.213375 0.778343
vt 0.224522 0.781560
vt 0.221574 0.766937
vt 0.231610 0.772368
vt 0.513367 0.736876
vt 0.528405 0.748145
vt 0.517955 0.756285
vt 0.505399 0.746589
vt 0.509370 0.763442
vt 0.498612 0.755016
vt 0.232271 0.756285
vt 0.240856 0.763442
vt 0.221821 0.748145
vt 0.236859 0.736876
vt 0.244827 0.746589
vt 0.251614 0.755016
vt 0.496558 0.727138
vt 0.491597 0.738115
vt 0.486986 0.747379
vt 0.475253 0.740887
vt 0.258629 0.738115
vt 0.263240 0.747379
vt 0.253668 0.727138
vt 0.272926 0.731314
vt 0.274973 0.740887
vt 0.444880 0.756293
vt 0.447517 0.750025
vt 0.455685 0.756610
vt 0.452087 0.763080
vt 0.450156 0.743396
vt 0.459045 0.749893
vt 0.468180 0.756304
vt 0.464135 0.763449
vt 0.459747 0.770475
vt 0.282046 0.756304
vt 0.291181 0.749893
vt 0.294541 0.756610
vt 0.286091 0.763449
vt 0.300070 0.743396
vt 0.302709 0.750025
vt 0.305346 0.756293
vt 0.298139 0.763080
vt 0.290479 0.770475
vt 0.473058 0.770482
vt 0.468227 0.778068
vt 0.477670 0.763032
vt 0.487212 0.769934
vt 0.482260 0.777402
vt 0.477403 0.785326
vt 0.263014 0.769934
vt 0.272556 0.763032
vt 0.277168 0.770482
vt 0.267966 0.777402
vt 0.281999 0.778068
vt 0.272823 0.785326
vt 0.491422 0.783852
vt 0.486979 0.791737
vt 0.496379 0.776723
vt 0.504655 0.783088
vt 0.500080 0.789536
vt 0.496472 0.797007
vt 0.245572 0.783088
vt 0.253847 0.776723
vt 0.258804 0.783852
vt 0.250146 0.789536
vt 0.263247 0.791737
vt 0.253754 0.797007
vt 0.496472 0.797007
vt 0.500080 0.789536
vt 0.507840 0.794163
vt 0.505391 0.800947
vt 0.504654 0.783088
vt 0.511487 0.788671
vt 0.515917 0.792605
vt 0.514839 0.797337
vt 0.513407 0.803572
vt 0.234310 0.792605
vt 0.238739 0.788671
vt 0.242386 0.794163
vt 0.235387 0.797337
vt 0.250146 0.789536
vt 0.253754 0.797007
vt 0.244835 0.800947
vt 0.236819 0.803572
vt 0.503671 0.808749
vt 0.512591 0.810111
vt 0.493347 0.805634
vt 0.496472 0.797007
vt 0.505391 0.800947
vt 0.256879 0.805634
vt 0.246555 0.808749
vt 0.244835 0.800947
vt 0.237635 0.810111
vt 0.236819 0.803572
vt 0.466180 0.803889
vt 0.472218 0.793997
vt 0.482612 0.800664
vt 0.477937 0.811208
vt 0.493347 0.805634
vt 0.490554 0.816033
vt 0.267614 0.800664
vt 0.256879 0.805634
vt 0.278008 0.793996
vt 0.284046 0.803889
vt 0.272289 0.811207
vt 0.462780 0.785958
vt 0.472218 0.793996
vt 0.454615 0.777290
vt 0.459747 0.770475
vt 0.468227 0.778068
vt 0.477403 0.785326
vt 0.295611 0.777290
vt 0.287446 0.785959
vt 0.281999 0.778068
vt 0.278008 0.793997
vt 0.444880 0.756293
vt 0.452087 0.763080
vt 0.447806 0.768861
vt 0.441639 0.761612
vt 0.459747 0.770475
vt 0.454615 0.777290
vt 0.442266 0.773174
vt 0.302138 0.783689
vt 0.295611 0.777290
vt 0.302420 0.768861
vt 0.307960 0.773174
vt 0.298139 0.763080
vt 0.305346 0.756293
vt 0.308587 0.761611
vt 0.462329 0.743171
vt 0.453480 0.737248
vt 0.472052 0.748977
vt 0.468180 0.756304
vt 0.459045 0.749893
vt 0.282046 0.756304
vt 0.278174 0.748977
vt 0.287897 0.743172
vt 0.291181 0.749893
vt 0.296746 0.737248
vt 0.498612 0.755016
vt 0.492608 0.762628
vt 0.482333 0.755496
vt 0.486986 0.747379
vt 0.487212 0.769934
vt 0.477670 0.763032
vt 0.472052 0.748977
vt 0.475253 0.740887
vt 0.282046 0.756304
vt 0.267893 0.755496
vt 0.278174 0.748977
vt 0.257618 0.762628
vt 0.251614 0.755016
vt 0.263240 0.747379
vt 0.274973 0.740887
vt 0.518616 0.772368
vt 0.510721 0.777545
vt 0.502268 0.770080
vt 0.509370 0.763442
vt 0.496379 0.776723
vt 0.253848 0.776723
vt 0.247958 0.770081
vt 0.245572 0.783088
vt 0.239505 0.777545
vt 0.231610 0.772367
vt 0.240856 0.763442
vt 0.529884 0.790937
vt 0.521280 0.791790
vt 0.517340 0.784766
vt 0.525704 0.781560
vt 0.511487 0.788671
vt 0.510721 0.777545
vt 0.238739 0.788671
vt 0.232886 0.784766
vt 0.239505 0.777545
vt 0.228946 0.791790
vt 0.220342 0.790938
vt 0.231610 0.772368
vt 0.528105 0.808602
vt 0.520518 0.805432
vt 0.521914 0.798867
vt 0.530589 0.800274
vt 0.228313 0.798867
vt 0.229708 0.805432
vt 0.512591 0.810111
vt 0.518623 0.810120
vt 0.522718 0.814756
vt 0.513407 0.803572
vt 0.520518 0.805432
vt 0.512591 0.810111
vt 0.528105 0.808602
vt 0.520518 0.805432
vt 0.222121 0.808602
vt 0.229708 0.805432
vt 0.231603 0.810120
vt 0.227508 0.814756
vt 0.236819 0.803572
vt 0.237635 0.810111
vt 0.229708 0.805432
vt 0.236088 0.817861
vt 0.237635 0.810111
vt 0.568762 0.682226
vt 0.542017 0.662681
vt 0.566273 0.646693
vt 0.589878 0.668123
vt 0.538478 0.622491
vt 0.573626 0.608689
vt 0.594854 0.633867
vt 0.613430 0.656303
vt 0.176600 0.608689
vt 0.211748 0.622491
vt 0.183953 0.646693
vt 0.155372 0.633867
vt 0.240275 0.641510
vt 0.181464 0.682226
vt 0.160348 0.668123
vt 0.136796 0.656303
vt 0.611015 0.687599
vt 0.631455 0.705072
vt 0.589878 0.668123
vt 0.613430 0.656303
vt 0.629727 0.676448
vt 0.644209 0.693364
vt 0.136796 0.656303
vt 0.160348 0.668123
vt 0.139211 0.687599
vt 0.120499 0.676448
vt 0.157460 0.700818
vt 0.118771 0.705072
vt 0.106017 0.693364
vt 0.642922 0.736745
vt 0.652619 0.719468
vt 0.673244 0.724813
vt 0.657429 0.705559
vt 0.668306 0.711200
vt 0.097607 0.719468
vt 0.092797 0.705559
vt 0.107304 0.736746
vt 0.076982 0.724813
vt 0.081920 0.711200
vt 0.727131 0.698475
vt 0.705503 0.727743
vt 0.688458 0.712496
vt 0.697858 0.689895
vt 0.673880 0.702051
vt 0.676134 0.685740
vt 0.061769 0.712496
vt 0.076346 0.702051
vt 0.044724 0.727743
vt 0.023095 0.698475
vt 0.052368 0.689895
vt 0.074092 0.685740
vt 0.729804 0.624370
vt 0.728468 0.661423
vt 0.699766 0.662313
vt 0.697047 0.633912
vt 0.673443 0.664330
vt 0.666976 0.640519
vt 0.050460 0.662313
vt 0.076783 0.664330
vt 0.021759 0.661423
vt 0.020422 0.624370
vt 0.053180 0.633911
vt 0.083250 0.640519
vt 0.721292 0.572934
vt 0.725548 0.598652
vt 0.691519 0.608293
vt 0.685094 0.585386
vt 0.658096 0.616815
vt 0.648021 0.594018
vt 0.058707 0.608294
vt 0.092130 0.616815
vt 0.024678 0.598652
vt 0.028934 0.572934
vt 0.065132 0.585385
vt 0.102205 0.594018
vt 0.639121 0.647453
vt 0.625722 0.624589
vt 0.658096 0.616815
vt 0.613430 0.656303
vt 0.594854 0.633867
vt 0.573626 0.608689
vt 0.610651 0.600456
vt 0.648021 0.594018
vt 0.176600 0.608689
vt 0.155372 0.633867
vt 0.124504 0.624589
vt 0.139575 0.600456
vt 0.136796 0.656303
vt 0.111105 0.647453
vt 0.083250 0.640519
vt 0.102205 0.594018
vt 0.650242 0.668729
vt 0.639121 0.647453
vt 0.658459 0.686389
vt 0.613430 0.656303
vt 0.106017 0.693364
vt 0.091767 0.686389
vt 0.099984 0.668729
vt 0.120499 0.676449
vt 0.136796 0.656303
vt 0.676134 0.685740
vt 0.663087 0.697564
vt 0.658459 0.686389
vt 0.657429 0.705559
vt 0.673880 0.702051
vt 0.644209 0.693364
vt 0.657429 0.705559
vt 0.106017 0.693364
vt 0.092797 0.705559
vt 0.087139 0.697564
vt 0.091767 0.686389
vt 0.076346 0.702051
vt 0.092797 0.705559
vt 0.074092 0.685740
vt 0.076346 0.702051
vt 0.630034 0.557583
vt 0.673872 0.547863
vt 0.679222 0.565658
vt 0.637955 0.572856
vt 0.717709 0.538143
vt 0.719501 0.555539
vt 0.685094 0.585385
vt 0.030726 0.555539
vt 0.071005 0.565658
vt 0.065132 0.585385
vt 0.032517 0.538143
vt 0.076355 0.547863
vt 0.120192 0.557583
vt 0.112271 0.572856
vt 0.102205 0.594018
vt 0.637955 0.572856
vt 0.594605 0.574978
vt 0.578456 0.548409
vt 0.573626 0.608689
vt 0.549921 0.579473
vt 0.526877 0.539235
vt 0.176600 0.608689
vt 0.139575 0.600456
vt 0.155621 0.574978
vt 0.200305 0.579473
vt 0.112271 0.572856
vt 0.171771 0.548409
vt 0.223349 0.539235
vt 0.467515 0.563371
vt 0.505198 0.594610
vt 0.469381 0.617758
vt 0.538478 0.622491
vt 0.176600 0.608689
vt 0.200305 0.579473
vt 0.245028 0.594610
vt 0.211748 0.622491
vt 0.282711 0.563371
vt 0.280845 0.617758
s 0
f 47/1/1 509/2/1 1513/3/1 508/4/1
f 509/2/2 1/5/2 510/6/2 1513/3/2
f 1513/3/3 510/6/3 3/7/3 511/8/3
f 508/4/4 1513/3/4 511/8/4 45/9/4
f 4/10/5 513/11/5 1514/12/5 512/13/5
f 513/11/6 2/14/6 514/15/6 1514/12/6
f 1514/12/7 514/15/7 48/16/7 515/17/7
f 512/13/8 1514/12/8 515/17/8 46/18/8
f 45/9/9 511/19/9 1515/20/9 516/21/9
f 511/19/10 3/22/10 517/23/10 1515/20/10
f 1515/20/11 517/23/11 5/24/11 518/25/11
f 516/21/12 1515/20/12 518/25/12 43/26/12
f 6/27/13 520/28/13 1516/29/13 519/30/13
f 520/28/14 4/31/14 512/32/14 1516/29/14
f 1516/29/15 512/32/15 46/18/15 521/33/15
f 519/30/16 1516/29/16 521/33/16 44/34/16
f 3/22/17 522/35/17 1517/36/17 517/23/17
f 522/35/18 9/37/18 523/38/18 1517/36/18
f 1517/36/19 523/38/19 7/39/19 524/40/19
f 517/23/20 1517/36/20 524/40/20 5/24/20
f 8/41/21 526/42/21 1518/43/21 525/44/21
f 526/42/22 10/45/22 527/46/22 1518/43/22
f 1518/43/23 527/46/23 4/31/23 520/28/23
f 525/44/24 1518/43/24 520/28/24 6/27/24
f 1/5/25 528/47/25 1519/48/25 510/6/25
f 528/47/26 11/49/26 529/50/26 1519/48/26
f 1519/48/27 529/50/27 9/37/27 522/51/27
f 510/6/28 1519/48/28 522/51/28 3/7/28
f 10/52/29 530/53/29 1520/54/29 527/55/29
f 530/53/30 12/56/30 531/57/30 1520/54/30
f 1520/54/31 531/57/31 2/14/31 513/11/31
f 527/55/32 1520/54/32 513/11/32 4/10/32
f 11/49/33 532/58/33 1521/59/33 529/50/33
f 532/58/34 13/60/34 533/61/34 1521/59/34
f 1521/59/35 533/61/35 15/62/35 534/63/35
f 529/50/36 1521/59/36 534/63/36 9/37/36
f 16/64/37 536/65/37 1522/66/37 535/67/37
f 536/65/38 14/68/38 537/69/38 1522/66/38
f 1522/66/39 537/69/39 12/56/39 530/53/39
f 535/67/40 1522/66/40 530/53/40 10/52/40
f 9/37/41 534/70/41 1523/71/41 523/38/41
f 534/70/42 15/72/42 538/73/42 1523/71/42
f 1523/71/43 538/73/43 17/74/43 539/75/43
f 523/38/44 1523/71/44 539/75/44 7/39/44
f 18/76/45 541/77/45 1524/78/45 540/79/45
f 541/77/46 16/80/46 535/81/46 1524/78/46
f 1524/78/47 535/81/47 10/45/47 526/42/47
f 540/79/48 1524/78/48 526/42/48 8/41/48
f 15/72/49 542/82/49 1525/83/49 538/73/49
f 542/82/50 21/84/50 543/85/50 1525/83/50
f 1525/83/51 543/85/51 19/86/51 544/87/51
f 538/73/52 1525/83/52 544/87/52 17/74/52
f 20/88/53 546/89/53 1526/90/53 545/91/53
f 546/89/54 22/92/54 547/93/54 1526/90/54
f 1526/90/55 547/93/55 16/80/55 541/77/55
f 545/91/56 1526/90/56 541/77/56 18/76/56
f 13/60/57 548/94/57 1527/95/57 533/61/57
f 548/94/58 23/96/58 549/97/58 1527/95/58
f 1527/95/59 549/97/59 21/98/59 542/99/59
f 533/61/60 1527/95/60 542/99/60 15/62/60
f 22/100/61 550/101/61 1528/102/61 547/93/61
f 550/101/62 24/103/62 551/104/62 1528/102/62
f 1528/102/63 551/104/63 14/68/63 536/65/63
f 547/93/64 1528/102/64 536/65/64 16/64/64
f 23/96/65 552/105/65 1529/106/65 549/97/65
f 552/105/66 25/107/66 553/108/66 1529/106/66
f 1529/106/67 553/108/67 27/109/67 554/110/67
f 549/97/68 1529/106/68 554/110/68 21/98/68
f 28/111/69 556/112/69 1530/113/69 555/114/69
f 556/112/70 26/115/70 557/116/70 1530/113/70
f 1530/113/71 557/116/71 24/103/71 550/101/71
f 555/114/72 1530/113/72 550/101/72 22/100/72
f 21/84/73 554/117/73 1531/118/73 543/85/73
f 554/117/74 27/119/74 558/120/74 1531/118/74
f 1531/118/75 558/120/75 29/121/75 559/122/75
f 543/85/76 1531/118/76 559/122/76 19/86/76
f 30/123/77 561/124/77 1532/125/77 560/126/77
f 561/124/78 28/127/78 555/128/78 1532/125/78
f 1532/125/79 555/128/79 22/92/79 546/89/79
f 560/126/80 1532/125/80 546/89/80 20/88/80
f 27/119/81 562/129/81 1533/130/81 558/120/81
f 562/129/82 33/131/82 563/132/82 1533/130/82
f 1533/130/83 563/132/83 31/133/83 564/134/83
f 558/120/84 1533/130/84 564/134/84 29/121/84
f 32/135/85 566/136/85 1534/137/85 565/138/85
f 566/136/86 34/139/86 567/140/86 1534/137/86
f 1534/137/87 567/140/87 28/127/87 561/124/87
f 565/138/88 1534/137/88 561/124/88 30/123/88
f 25/107/89 568/141/89 1535/142/89 553/108/89
f 568/141/90 35/143/90 569/144/90 1535/142/90
f 1535/142/91 569/144/91 33/131/91 562/145/91
f 553/108/92 1535/142/92 562/145/92 27/109/92
f 34/146/93 570/147/93 1536/148/93 567/149/93
f 570/147/94 36/150/94 571/151/94 1536/148/94
f 1536/148/95 571/151/95 26/115/95 556/112/95
f 567/149/96 1536/148/96 556/112/96 28/111/96
f 35/143/97 572/152/97 1537/153/97 569/144/97
f 572/152/98 37/154/98 573/155/98 1537/153/98
f 1537/153/99 573/155/99 39/156/99 574/157/99
f 569/144/100 1537/153/100 574/157/100 33/131/100
f 40/158/101 576/159/101 1538/160/101 575/161/101
f 576/159/102 38/162/102 577/163/102 1538/160/102
f 1538/160/103 577/163/103 36/150/103 570/147/103
f 575/161/104 1538/160/104 570/147/104 34/146/104
f 33/131/105 574/164/105 1539/165/105 563/132/105
f 574/164/106 39/166/106 578/167/106 1539/165/106
f 1539/165/107 578/167/107 41/168/107 579/169/107
f 563/132/108 1539/165/108 579/169/108 31/133/108
f 42/170/109 581/171/109 1540/172/109 580/173/109
f 581/171/110 40/174/110 575/161/110 1540/172/110
f 1540/172/111 575/161/111 34/139/111 566/136/111
f 580/173/112 1540/172/112 566/136/112 32/135/112
f 39/166/113 582/175/113 1541/176/113 578/167/113
f 582/175/114 45/9/114 516/21/114 1541/176/114
f 1541/176/115 516/21/115 43/26/115 583/177/115
f 578/167/116 1541/176/116 583/177/116 41/168/116
f 44/34/117 521/33/117 1542/178/117 584/179/117
f 521/33/118 46/18/118 585/180/118 1542/178/118
f 1542/178/119 585/180/119 40/174/119 581/171/119
f 584/179/120 1542/178/120 581/171/120 42/170/120
f 37/154/121 586/181/121 1543/182/121 573/155/121
f 586/181/122 47/1/122 508/4/122 1543/182/122
f 1543/182/123 508/4/123 45/9/123 582/183/123
f 573/155/124 1543/182/124 582/183/124 39/156/124
f 46/18/125 515/17/125 1544/184/125 585/185/125
f 515/17/126 48/16/126 587/186/126 1544/184/126
f 1544/184/127 587/186/127 38/162/127 576/159/127
f 585/185/128 1544/184/128 576/159/128 40/158/128
f 47/187/129 586/188/129 1545/189/129 588/190/129
f 586/188/130 37/191/130 589/192/130 1545/189/130
f 1545/189/131 589/192/131 51/193/131 590/194/131
f 588/190/132 1545/189/132 590/194/132 49/195/132
f 52/196/133 592/197/133 1546/198/133 591/199/133
f 592/197/134 38/200/134 587/201/134 1546/198/134
f 1546/198/135 587/201/135 48/202/135 593/203/135
f 591/199/136 1546/198/136 593/203/136 50/204/136
f 37/191/137 572/205/137 1547/206/137 589/192/137
f 572/205/138 35/207/138 594/208/138 1547/206/138
f 1547/206/139 594/208/139 53/209/139 595/210/139
f 589/192/140 1547/206/140 595/210/140 51/193/140
f 54/211/141 597/212/141 1548/213/141 596/214/141
f 597/212/142 36/215/142 577/163/142 1548/213/142
f 1548/213/143 577/163/143 38/200/143 592/197/143
f 596/214/144 1548/213/144 592/197/144 52/196/144
f 35/207/145 568/141/145 1549/216/145 594/208/145
f 568/141/146 25/217/146 598/218/146 1549/216/146
f 1549/216/147 598/218/147 55/219/147 599/220/147
f 594/208/148 1549/216/148 599/220/148 53/209/148
f 56/221/149 601/222/149 1550/223/149 600/224/149
f 601/222/150 26/225/150 571/151/150 1550/223/150
f 1550/223/151 571/151/151 36/215/151 597/212/151
f 600/224/152 1550/223/152 597/212/152 54/211/152
f 25/217/153 552/105/153 1551/226/153 598/218/153
f 552/105/154 23/227/154 602/228/154 1551/226/154
f 1551/226/155 602/228/155 57/229/155 603/230/155
f 598/218/156 1551/226/156 603/230/156 55/219/156
f 58/231/157 605/232/157 1552/233/157 604/234/157
f 605/232/158 24/103/158 557/235/158 1552/233/158
f 1552/233/159 557/235/159 26/225/159 601/222/159
f 604/234/160 1552/233/160 601/222/160 56/221/160
f 23/227/161 548/236/161 1553/237/161 602/228/161
f 548/236/162 13/238/162 606/239/162 1553/237/162
f 1553/237/163 606/239/163 59/240/163 607/241/163
f 602/228/164 1553/237/164 607/241/164 57/229/164
f 60/242/165 609/243/165 1554/244/165 608/245/165
f 609/243/166 14/68/166 551/246/166 1554/244/166
f 1554/244/167 551/246/167 24/103/167 605/232/167
f 608/245/168 1554/244/168 605/232/168 58/231/168
f 13/238/169 532/247/169 1555/248/169 606/239/169
f 532/247/170 11/249/170 610/250/170 1555/248/170
f 1555/248/171 610/250/171 63/251/171 611/252/171
f 606/239/172 1555/248/172 611/252/172 59/240/172
f 64/253/173 613/254/173 1556/255/173 612/256/173
f 613/254/174 12/257/174 537/258/174 1556/255/174
f 1556/255/175 537/258/175 14/68/175 609/243/175
f 612/256/176 1556/255/176 609/243/176 60/242/176
f 11/249/177 528/259/177 1557/260/177 610/250/177
f 528/259/178 1/261/178 614/262/178 1557/260/178
f 1557/260/179 614/262/179 65/263/179 615/264/179
f 610/250/180 1557/260/180 615/264/180 63/251/180
f 66/265/181 617/266/181 1558/267/181 616/268/181
f 617/266/182 2/14/182 531/269/182 1558/267/182
f 1558/267/183 531/269/183 12/257/183 613/254/183
f 616/268/184 1558/267/184 613/254/184 64/253/184
f 1/261/185 509/270/185 1559/271/185 614/262/185
f 509/270/186 47/187/186 588/190/186 1559/271/186
f 1559/271/187 588/190/187 49/195/187 618/272/187
f 614/262/188 1559/271/188 618/272/188 65/263/188
f 50/204/189 593/203/189 1560/273/189 619/274/189
f 593/203/190 48/202/190 514/275/190 1560/273/190
f 1560/273/191 514/275/191 2/14/191 617/266/191
f 619/274/192 1560/273/192 617/266/192 66/265/192
f 61/276/193 621/277/193 1561/278/193 620/279/193
f 65/280/194 618/281/194 1561/278/194 621/277/194
f 49/282/195 620/283/195 1561/278/195 618/281/195
f 50/204/196 619/284/196 1562/285/196 622/286/196
f 66/287/197 623/288/197 1562/285/197 619/289/197
f 62/290/198 622/291/198 1562/285/198 623/292/198
f 63/293/199 615/294/199 1563/295/199 624/296/199
f 65/297/200 621/277/200 1563/295/200 615/298/200
f 61/276/201 624/299/201 1563/295/201 621/277/201
f 62/290/202 623/292/202 1564/300/202 625/301/202
f 66/287/203 616/302/203 1564/300/203 623/303/203
f 64/304/204 625/305/204 1564/300/204 616/302/204
f 61/276/205 626/306/205 1565/307/205 624/308/205
f 59/309/206 611/310/206 1565/307/206 626/311/206
f 63/312/207 624/313/207 1565/307/207 611/252/207
f 64/314/208 612/315/208 1566/316/208 625/317/208
f 60/318/209 627/319/209 1566/316/209 612/315/209
f 62/290/210 625/305/210 1566/316/210 627/319/210
f 61/276/211 628/320/211 1567/321/211 626/306/211
f 57/322/212 607/323/212 1567/321/212 628/324/212
f 59/325/213 626/326/213 1567/321/213 607/327/213
f 60/328/214 608/329/214 1568/330/214 627/319/214
f 58/331/215 629/332/215 1568/330/215 608/333/215
f 62/290/216 627/319/216 1568/330/216 629/334/216
f 61/276/217 630/335/217 1569/336/217 628/320/217
f 55/337/218 603/338/218 1569/336/218 630/335/218
f 57/339/219 628/340/219 1569/336/219 603/341/219
f 58/331/220 604/342/220 1570/343/220 629/332/220
f 56/344/221 631/345/221 1570/343/221 604/342/221
f 62/290/222 629/334/222 1570/343/222 631/346/222
f 61/276/223 632/347/223 1571/348/223 630/335/223
f 53/349/224 599/350/224 1571/348/224 632/351/224
f 55/352/225 630/335/225 1571/348/225 599/353/225
f 56/221/226 600/354/226 1572/355/226 631/345/226
f 54/356/227 633/357/227 1572/355/227 600/354/227
f 62/290/228 631/346/228 1572/355/228 633/358/228
f 61/276/229 634/359/229 1573/360/229 632/361/229
f 51/362/230 595/363/230 1573/360/230 634/359/230
f 53/364/231 632/347/231 1573/360/231 595/363/231
f 54/365/232 596/366/232 1574/367/232 633/368/232
f 52/369/233 635/370/233 1574/367/233 596/214/233
f 62/290/234 633/357/234 1574/367/234 635/370/234
f 61/276/235 620/371/235 1575/372/235 634/373/235
f 49/374/236 590/375/236 1575/372/236 620/376/236
f 51/377/237 634/373/237 1575/372/237 590/378/237
f 52/196/238 591/379/238 1576/380/238 635/370/238
f 50/381/239 622/382/239 1576/380/239 591/383/239
f 62/290/240 635/370/240 1576/380/240 622/384/240
f 89/385/241 637/386/241 1577/387/241 636/388/241
f 637/386/242 174/389/242 638/390/242 1577/387/242
f 1577/387/243 638/390/243 176/391/243 639/392/243
f 636/388/244 1577/387/244 639/392/244 91/393/244
f 176/394/245 640/395/245 1578/396/245 639/397/245
f 640/395/246 175/398/246 641/399/246 1578/396/246
f 1578/396/247 641/399/247 90/400/247 642/401/247
f 639/397/248 1578/396/248 642/401/248 91/393/248
f 87/402/249 644/403/249 1579/404/249 643/405/249
f 644/403/250 172/406/250 645/407/250 1579/404/250
f 1579/404/251 645/407/251 174/389/251 637/386/251
f 643/405/252 1579/404/252 637/386/252 89/385/252
f 175/398/253 646/408/253 1580/409/253 641/399/253
f 646/408/254 173/410/254 647/411/254 1580/409/254
f 1580/409/255 647/411/255 88/412/255 648/413/255
f 641/399/256 1580/409/256 648/413/256 90/400/256
f 85/414/257 650/415/257 1581/416/257 649/417/257
f 650/415/258 170/418/258 651/419/258 1581/416/258
f 1581/416/259 651/419/259 172/406/259 644/403/259
f 649/417/260 1581/416/260 644/403/260 87/402/260
f 173/410/261 652/420/261 1582/421/261 647/411/261
f 652/420/262 171/422/262 653/423/262 1582/421/262
f 1582/421/263 653/423/263 86/424/263 654/425/263
f 647/411/264 1582/421/264 654/425/264 88/412/264
f 83/426/265 656/427/265 1583/428/265 655/429/265
f 656/427/266 168/430/266 657/431/266 1583/428/266
f 1583/428/267 657/431/267 170/418/267 650/415/267
f 655/429/268 1583/428/268 650/415/268 85/414/268
f 171/422/269 658/432/269 1584/433/269 653/423/269
f 658/432/270 169/434/270 659/435/270 1584/433/270
f 1584/433/271 659/435/271 84/436/271 660/437/271
f 653/423/272 1584/433/272 660/437/272 86/424/272
f 81/438/273 662/439/273 1585/440/273 661/441/273
f 662/439/274 166/442/274 663/443/274 1585/440/274
f 1585/440/275 663/443/275 168/430/275 656/427/275
f 661/441/276 1585/440/276 656/427/276 83/426/276
f 169/434/277 664/444/277 1586/445/277 659/435/277
f 664/444/278 167/446/278 665/447/278 1586/445/278
f 1586/445/279 665/447/279 82/448/279 666/449/279
f 659/435/280 1586/445/280 666/449/280 84/436/280
f 79/450/281 668/451/281 1587/452/281 667/453/281
f 668/451/282 92/454/282 669/455/282 1587/452/282
f 1587/452/283 669/455/283 146/456/283 670/457/283
f 667/453/284 1587/452/284 670/457/284 164/458/284
f 147/459/285 672/460/285 1588/461/285 671/462/285
f 672/460/286 93/463/286 673/464/286 1588/461/286
f 1588/461/287 673/464/287 80/465/287 674/466/287
f 671/462/288 1588/461/288 674/466/288 165/467/288
f 92/468/289 675/469/289 1589/470/289 669/471/289
f 675/469/290 94/472/290 676/473/290 1589/470/290
f 1589/470/291 676/473/291 148/474/291 677/475/291
f 669/471/292 1589/470/292 677/475/292 146/476/292
f 149/477/293 679/478/293 1590/479/293 678/480/293
f 679/478/294 95/481/294 680/482/294 1590/479/294
f 1590/479/295 680/482/295 93/483/295 672/484/295
f 678/480/296 1590/479/296 672/484/296 147/485/296
f 94/472/297 681/486/297 1591/487/297 676/473/297
f 681/486/298 96/488/298 682/489/298 1591/487/298
f 1591/487/299 682/489/299 150/490/299 683/491/299
f 676/473/300 1591/487/300 683/491/300 148/474/300
f 151/492/301 685/493/301 1592/494/301 684/495/301
f 685/493/302 97/496/302 686/497/302 1592/494/302
f 1592/494/303 686/497/303 95/481/303 679/478/303
f 684/495/304 1592/494/304 679/478/304 149/477/304
f 96/488/305 687/498/305 1593/499/305 682/489/305
f 687/498/306 98/500/306 688/501/306 1593/499/306
f 1593/499/307 688/501/307 152/502/307 689/503/307
f 682/489/308 1593/499/308 689/503/308 150/490/308
f 153/504/309 691/505/309 1594/506/309 690/507/309
f 691/505/310 99/508/310 692/509/310 1594/506/310
f 1594/506/311 692/509/311 97/496/311 685/493/311
f 690/507/312 1594/506/312 685/493/312 151/492/312
f 98/500/313 693/510/313 1595/511/313 688/501/313
f 693/510/314 100/512/314 694/513/314 1595/511/314
f 1595/511/315 694/513/315 154/514/315 695/515/315
f 688/501/316 1595/511/316 695/515/316 152/502/316
f 155/516/317 697/517/317 1596/518/317 696/519/317
f 697/517/318 101/520/318 698/521/318 1596/518/318
f 1596/518/319 698/521/319 99/508/319 691/505/319
f 696/519/320 1596/518/320 691/505/320 153/504/320
f 100/512/321 699/522/321 1597/523/321 694/513/321
f 699/522/322 102/524/322 700/525/322 1597/523/322
f 1597/523/323 700/525/323 156/526/323 701/527/323
f 694/513/324 1597/523/324 701/527/324 154/514/324
f 157/528/325 703/529/325 1598/530/325 702/531/325
f 703/529/326 103/532/326 704/533/326 1598/530/326
f 1598/530/327 704/533/327 101/520/327 697/517/327
f 702/531/328 1598/530/328 697/517/328 155/516/328
f 102/524/329 705/534/329 1599/535/329 700/525/329
f 705/534/330 104/536/330 706/537/330 1599/535/330
f 1599/535/331 706/537/331 158/538/331 707/539/331
f 700/525/332 1599/535/332 707/539/332 156/526/332
f 159/540/333 709/541/333 1600/542/333 708/543/333
f 709/541/334 105/544/334 710/545/334 1600/542/334
f 1600/542/335 710/545/335 103/532/335 703/529/335
f 708/543/336 1600/542/336 703/529/336 157/528/336
f 104/536/337 711/546/337 1601/547/337 706/537/337
f 711/546/338 106/548/338 712/549/338 1601/547/338
f 1601/547/339 712/549/339 160/550/339 713/551/339
f 706/537/340 1601/547/340 713/551/340 158/538/340
f 161/552/341 715/553/341 1602/554/341 714/555/341
f 715/553/342 107/556/342 716/557/342 1602/554/342
f 1602/554/343 716/557/343 105/544/343 709/541/343
f 714/555/344 1602/554/344 709/541/344 159/540/344
f 106/548/345 717/558/345 1603/559/345 712/549/345
f 717/558/346 108/560/346 718/561/346 1603/559/346
f 1603/559/347 718/561/347 162/562/347 719/563/347
f 712/549/348 1603/559/348 719/563/348 160/550/348
f 163/564/349 721/565/349 1604/566/349 720/567/349
f 721/565/350 109/568/350 722/569/350 1604/566/350
f 1604/566/351 722/569/351 107/556/351 715/553/351
f 720/567/352 1604/566/352 715/553/352 161/552/352
f 108/560/353 723/570/353 1605/571/353 718/572/353
f 723/570/354 67/573/354 724/574/354 1605/571/354
f 1605/571/355 724/574/355 68/575/355 725/576/355
f 718/572/356 1605/571/356 725/576/356 162/562/356
f 68/575/357 724/577/357 1606/578/357 726/579/357
f 724/577/358 67/580/358 727/581/358 1606/578/358
f 1606/578/359 727/581/359 109/582/359 721/583/359
f 726/579/360 1606/578/360 721/583/360 163/584/360
f 110/585/361 729/586/361 1607/587/361 728/588/361
f 729/586/362 128/589/362 730/590/362 1607/587/362
f 1607/587/363 730/590/363 160/591/363 719/592/363
f 728/588/364 1607/587/364 719/592/364 162/593/364
f 161/594/365 731/595/365 1608/596/365 720/597/365
f 731/595/366 129/598/366 732/599/366 1608/596/366
f 1608/596/367 732/599/367 111/600/367 733/601/367
f 720/597/368 1608/596/368 733/601/368 163/564/368
f 128/589/369 734/602/369 1609/603/369 730/590/369
f 734/602/370 179/604/370 735/605/370 1609/603/370
f 1609/603/371 735/605/371 158/538/371 713/606/371
f 730/590/372 1609/603/372 713/606/372 160/591/372
f 159/607/373 736/608/373 1610/609/373 714/610/373
f 736/608/374 180/611/374 737/612/374 1610/609/374
f 1610/609/375 737/612/375 129/598/375 731/595/375
f 714/610/376 1610/609/376 731/595/376 161/594/376
f 126/613/377 739/614/377 1611/615/377 738/616/377
f 739/614/378 156/526/378 707/617/378 1611/615/378
f 1611/615/379 707/617/379 158/538/379 735/618/379
f 738/616/380 1611/615/380 735/618/380 179/619/380
f 159/540/381 708/620/381 1612/621/381 736/608/381
f 708/620/382 157/622/382 740/623/382 1612/621/382
f 1612/621/383 740/623/383 127/624/383 741/625/383
f 736/608/384 1612/621/384 741/625/384 180/626/384
f 124/627/385 743/628/385 1613/629/385 742/630/385
f 743/628/386 154/631/386 701/632/386 1613/629/386
f 1613/629/387 701/632/387 156/526/387 739/614/387
f 742/630/388 1613/629/388 739/614/388 126/613/388
f 157/622/389 702/633/389 1614/634/389 740/623/389
f 702/633/390 155/635/390 744/636/390 1614/634/390
f 1614/634/391 744/636/391 125/637/391 745/638/391
f 740/623/392 1614/634/392 745/638/392 127/624/392
f 122/639/393 747/640/393 1615/641/393 746/642/393
f 747/640/394 152/643/394 695/644/394 1615/641/394
f 1615/641/395 695/644/395 154/631/395 743/628/395
f 746/642/396 1615/641/396 743/628/396 124/627/396
f 155/635/397 696/645/397 1616/646/397 744/636/397
f 696/645/398 153/647/398 748/648/398 1616/646/398
f 1616/646/399 748/648/399 123/649/399 749/650/399
f 744/636/400 1616/646/400 749/650/400 125/637/400
f 120/651/401 751/652/401 1617/653/401 750/654/401
f 751/652/402 150/655/402 689/656/402 1617/653/402
f 1617/653/403 689/656/403 152/643/403 747/640/403
f 750/654/404 1617/653/404 747/640/404 122/639/404
f 153/647/405 690/657/405 1618/658/405 748/648/405
f 690/657/406 151/659/406 752/660/406 1618/658/406
f 1618/658/407 752/660/407 121/661/407 753/662/407
f 748/648/408 1618/658/408 753/662/408 123/649/408
f 118/663/409 755/664/409 1619/665/409 754/666/409
f 755/664/410 148/474/410 683/667/410 1619/665/410
f 1619/665/411 683/667/411 150/655/411 751/652/411
f 754/666/412 1619/665/412 751/652/412 120/651/412
f 151/659/413 684/668/413 1620/669/413 752/660/413
f 684/668/414 149/477/414 756/670/414 1620/669/414
f 1620/669/415 756/670/415 119/671/415 757/672/415
f 752/660/416 1620/669/416 757/672/416 121/661/416
f 116/673/417 759/674/417 1621/675/417 758/676/417
f 759/674/418 146/677/418 677/678/418 1621/675/418
f 1621/675/419 677/678/419 148/474/419 755/664/419
f 758/676/420 1621/675/420 755/664/420 118/663/420
f 149/477/421 678/679/421 1622/680/421 756/670/421
f 678/679/422 147/485/422 760/681/422 1622/680/422
f 1622/680/423 760/681/423 117/682/423 761/683/423
f 756/670/424 1622/680/424 761/683/424 119/671/424
f 114/684/425 763/685/425 1623/686/425 762/687/425
f 763/685/426 164/458/426 670/457/426 1623/686/426
f 1623/686/427 670/457/427 146/677/427 759/688/427
f 762/687/428 1623/686/428 759/688/428 116/673/428
f 147/485/429 671/689/429 1624/690/429 760/691/429
f 671/689/430 165/467/430 764/692/430 1624/690/430
f 1624/690/431 764/692/431 115/693/431 765/694/431
f 760/691/432 1624/690/432 765/694/432 117/695/432
f 114/696/433 766/697/433 1625/698/433 763/699/433
f 766/697/434 181/700/434 767/701/434 1625/698/434
f 1625/698/435 767/701/435 177/702/435 768/703/435
f 763/699/436 1625/698/436 768/703/436 164/458/436
f 177/702/437 770/704/437 1626/705/437 769/706/437
f 770/704/438 182/707/438 771/708/438 1626/705/438
f 1626/705/439 771/708/439 115/709/439 764/710/439
f 769/706/440 1626/705/440 764/710/440 165/467/440
f 110/585/441 728/711/441 1627/712/441 772/713/441
f 728/711/442 162/714/442 725/576/442 1627/712/442
f 1627/712/443 725/576/443 68/575/443 773/715/443
f 772/713/444 1627/712/444 773/715/444 112/716/444
f 68/575/445 726/717/445 1628/718/445 774/719/445
f 726/717/446 163/720/446 733/721/446 1628/718/446
f 1628/718/447 733/721/447 111/722/447 775/723/447
f 774/719/448 1628/718/448 775/723/448 113/724/448
f 112/716/449 773/715/449 1629/725/449 776/726/449
f 773/715/450 68/575/450 777/727/450 1629/725/450
f 1629/725/451 777/727/451 178/728/451 778/729/451
f 776/726/452 1629/725/452 778/729/452 183/730/452
f 178/731/453 777/727/453 1630/732/453 779/733/453
f 777/727/454 68/575/454 774/719/454 1630/732/454
f 1630/732/455 774/719/455 113/724/455 780/734/455
f 779/733/456 1630/732/456 780/734/456 184/735/456
f 177/702/457 767/701/457 1631/736/457 781/737/457
f 767/701/458 181/738/458 782/739/458 1631/736/458
f 1631/736/459 782/739/459 183/740/459 778/729/459
f 781/737/460 1631/736/460 778/729/460 178/741/460
f 184/735/461 783/742/461 1632/743/461 779/733/461
f 783/742/462 182/744/462 770/745/462 1632/743/462
f 1632/743/463 770/745/463 177/702/463 781/746/463
f 779/733/464 1632/743/464 781/746/464 178/741/464
f 135/747/465 785/748/465 1633/749/465 784/750/465
f 785/748/466 137/751/466 786/752/466 1633/749/466
f 1633/749/467 786/752/467 176/394/467 638/753/467
f 784/750/468 1633/749/468 638/753/468 174/754/468
f 176/391/469 786/755/469 1634/756/469 640/757/469
f 786/755/470 137/751/470 787/758/470 1634/756/470
f 1634/756/471 787/758/471 136/759/471 788/760/471
f 640/757/472 1634/756/472 788/760/472 175/761/472
f 133/762/473 790/763/473 1635/764/473 789/765/473
f 790/763/474 135/747/474 784/750/474 1635/764/474
f 1635/764/475 784/750/475 174/754/475 645/766/475
f 789/765/476 1635/764/476 645/766/476 172/767/476
f 175/761/477 788/760/477 1636/768/477 646/408/477
f 788/760/478 136/759/478 791/769/478 1636/768/478
f 1636/768/479 791/769/479 134/770/479 792/771/479
f 646/408/480 1636/768/480 792/771/480 173/772/480
f 131/773/481 794/774/481 1637/775/481 793/776/481
f 794/774/482 133/777/482 789/778/482 1637/775/482
f 1637/775/483 789/778/483 172/767/483 651/779/483
f 793/776/484 1637/775/484 651/779/484 170/780/484
f 173/781/485 792/782/485 1638/783/485 652/784/485
f 792/782/486 134/785/486 795/786/486 1638/783/486
f 1638/783/487 795/786/487 132/787/487 796/788/487
f 652/784/488 1638/783/488 796/788/488 171/422/488
f 166/442/489 797/789/489 1639/790/489 663/443/489
f 797/789/490 187/791/490 798/792/490 1639/790/490
f 1639/790/491 798/792/491 185/793/491 799/794/491
f 663/443/492 1639/790/492 799/794/492 168/430/492
f 186/795/493 801/796/493 1640/797/493 800/798/493
f 801/796/494 188/799/494 802/800/494 1640/797/494
f 1640/797/495 802/800/495 167/446/495 664/444/495
f 800/798/496 1640/797/496 664/444/496 169/434/496
f 131/773/497 793/801/497 1641/802/497 803/803/497
f 793/801/498 170/804/498 657/805/498 1641/802/498
f 1641/802/499 657/805/499 168/806/499 799/794/499
f 803/803/500 1641/802/500 799/794/500 185/807/500
f 169/808/501 658/809/501 1642/810/501 800/811/501
f 658/809/502 171/422/502 796/788/502 1642/810/502
f 1642/810/503 796/788/503 132/787/503 804/812/503
f 800/811/504 1642/810/504 804/812/504 186/813/504
f 144/814/505 806/815/505 1643/816/505 805/817/505
f 806/815/506 190/818/506 807/819/506 1643/816/506
f 1643/816/507 807/819/507 189/820/507 808/821/507
f 805/817/508 1643/816/508 808/821/508 187/791/508
f 189/820/509 807/822/509 1644/823/509 809/824/509
f 807/822/510 190/825/510 810/826/510 1644/823/510
f 1644/823/511 810/826/511 145/827/511 811/828/511
f 809/824/512 1644/823/512 811/828/512 188/829/512
f 185/793/513 798/830/513 1645/831/513 812/832/513
f 798/830/514 187/791/514 808/833/514 1645/831/514
f 1645/831/515 808/833/515 189/834/515 813/835/515
f 812/832/516 1645/831/516 813/835/516 69/836/516
f 189/837/517 809/838/517 1646/839/517 813/835/517
f 809/838/518 188/799/518 801/840/518 1646/839/518
f 1646/839/519 801/840/519 186/841/519 814/842/519
f 813/835/520 1646/839/520 814/842/520 69/843/520
f 130/844/521 816/845/521 1647/846/521 815/847/521
f 816/845/522 131/773/522 803/803/522 1647/846/522
f 1647/846/523 803/803/523 185/807/523 812/848/523
f 815/847/524 1647/846/524 812/848/524 69/849/524
f 186/813/525 804/812/525 1648/850/525 814/842/525
f 804/812/526 132/787/526 817/851/526 1648/850/526
f 1648/850/527 817/851/527 130/844/527 815/847/527
f 814/842/528 1648/850/528 815/847/528 69/852/528
f 142/853/529 819/854/529 1649/855/529 818/856/529
f 819/854/530 193/857/530 820/858/530 1649/855/530
f 1649/855/531 820/858/531 191/859/531 821/860/531
f 818/856/532 1649/855/532 821/860/532 144/814/532
f 192/861/533 823/862/533 1650/863/533 822/864/533
f 823/862/534 194/865/534 824/866/534 1650/863/534
f 1650/863/535 824/866/535 143/867/535 825/868/535
f 822/864/536 1650/863/536 825/868/536 145/827/536
f 140/869/537 827/870/537 1651/871/537 826/872/537
f 827/870/538 195/873/538 828/874/538 1651/871/538
f 1651/871/539 828/874/539 193/857/539 819/875/539
f 826/872/540 1651/871/540 819/875/540 142/876/540
f 194/877/541 829/878/541 1652/879/541 824/866/541
f 829/878/542 196/880/542 830/881/542 1652/879/542
f 1652/879/543 830/881/543 141/882/543 831/883/543
f 824/866/544 1652/879/544 831/883/544 143/867/544
f 139/884/545 833/885/545 1653/886/545 832/887/545
f 833/885/546 197/888/546 834/889/546 1653/886/546
f 1653/886/547 834/889/547 195/890/547 827/891/547
f 832/887/548 1653/886/548 827/891/548 140/869/548
f 196/892/549 835/893/549 1654/894/549 830/895/549
f 835/893/550 198/896/550 836/897/550 1654/894/550
f 1654/894/551 836/897/551 139/884/551 837/898/551
f 830/895/552 1654/894/552 837/898/552 141/899/552
f 138/900/553 839/901/553 1655/902/553 838/903/553
f 839/901/554 71/904/554 840/905/554 1655/902/554
f 1655/902/555 840/905/555 197/888/555 833/885/555
f 838/903/556 1655/902/556 833/885/556 139/884/556
f 198/896/557 841/906/557 1656/907/557 836/897/557
f 841/906/558 71/908/558 839/909/558 1656/907/558
f 1656/907/559 839/909/559 138/900/559 838/910/559
f 836/897/560 1656/907/560 838/910/560 139/884/560
f 190/825/561 806/911/561 1657/912/561 842/913/561
f 806/911/562 144/814/562 821/914/562 1657/912/562
f 1657/912/563 821/914/563 191/915/563 843/916/563
f 842/913/564 1657/912/564 843/916/564 70/917/564
f 192/918/565 822/919/565 1658/920/565 844/921/565
f 822/919/566 145/827/566 810/922/566 1658/920/566
f 1658/920/567 810/922/567 190/825/567 842/923/567
f 844/921/568 1658/920/568 842/923/568 70/924/568
f 70/917/569 843/916/569 1659/925/569 845/926/569
f 843/916/570 191/915/570 846/927/570 1659/925/570
f 1659/925/571 846/927/571 206/928/571 847/929/571
f 845/926/572 1659/925/572 847/929/572 208/930/572
f 207/931/573 849/932/573 1660/933/573 848/934/573
f 849/932/574 192/918/574 844/921/574 1660/933/574
f 1660/933/575 844/921/575 70/924/575 845/926/575
f 848/934/576 1660/933/576 845/926/576 208/930/576
f 71/904/577 850/935/577 1661/936/577 840/905/577
f 850/935/578 199/937/578 851/938/578 1661/936/578
f 1661/936/579 851/938/579 200/939/579 852/940/579
f 840/905/580 1661/936/580 852/940/580 197/888/580
f 201/941/581 854/942/581 1662/943/581 853/944/581
f 854/942/582 199/937/582 850/945/582 1662/943/582
f 1662/943/583 850/945/583 71/908/583 841/906/583
f 853/944/584 1662/943/584 841/906/584 198/896/584
f 197/888/585 852/940/585 1663/946/585 834/889/585
f 852/940/586 200/939/586 855/947/586 1663/946/586
f 1663/946/587 855/947/587 202/948/587 856/949/587
f 834/889/588 1663/946/588 856/949/588 195/890/588
f 203/950/589 858/951/589 1664/952/589 857/953/589
f 858/951/590 201/941/590 853/944/590 1664/952/590
f 1664/952/591 853/944/591 198/896/591 835/893/591
f 857/953/592 1664/952/592 835/893/592 196/892/592
f 195/890/593 856/949/593 1665/954/593 828/955/593
f 856/949/594 202/948/594 859/956/594 1665/954/594
f 1665/954/595 859/956/595 204/957/595 860/958/595
f 828/955/596 1665/954/596 860/958/596 193/857/596
f 205/959/597 862/960/597 1666/961/597 861/962/597
f 862/960/598 203/950/598 857/953/598 1666/961/598
f 1666/961/599 857/953/599 196/892/599 829/963/599
f 861/962/600 1666/961/600 829/963/600 194/865/600
f 193/857/601 860/958/601 1667/964/601 820/858/601
f 860/958/602 204/957/602 863/965/602 1667/964/602
f 1667/964/603 863/965/603 206/928/603 846/927/603
f 820/858/604 1667/964/604 846/927/604 191/859/604
f 207/931/605 864/966/605 1668/967/605 849/968/605
f 864/966/606 205/959/606 861/962/606 1668/967/606
f 1668/967/607 861/962/607 194/865/607 823/862/607
f 849/968/608 1668/967/608 823/862/608 192/861/608
f 199/937/609 865/969/609 1669/970/609 851/938/609
f 865/969/610 204/971/610 859/972/610 1669/970/610
f 1669/970/611 859/972/611 202/948/611 855/947/611
f 851/938/612 1669/970/612 855/947/612 200/939/612
f 203/950/613 862/973/613 1670/974/613 858/975/613
f 862/973/614 205/976/614 866/977/614 1670/974/614
f 1670/974/615 866/977/615 199/937/615 854/942/615
f 858/975/616 1670/974/616 854/942/616 201/941/616
f 199/937/617 867/978/617 1671/979/617 865/980/617
f 867/978/618 208/930/618 847/929/618 1671/979/618
f 1671/979/619 847/929/619 206/928/619 863/981/619
f 865/980/620 1671/979/620 863/981/620 204/982/620
f 207/931/621 848/934/621 1672/983/621 864/966/621
f 848/934/622 208/930/622 867/984/622 1672/983/622
f 1672/983/623 867/984/623 199/937/623 866/985/623
f 864/966/624 1672/983/624 866/985/624 205/986/624
f 139/884/625 832/987/625 1673/988/625 868/989/625
f 832/987/626 140/990/626 869/991/626 1673/988/626
f 1673/988/627 869/991/627 164/458/627 768/992/627
f 868/989/628 1673/988/628 768/992/628 177/702/628
f 165/467/629 870/993/629 1674/994/629 769/706/629
f 870/993/630 141/899/630 837/898/630 1674/994/630
f 1674/994/631 837/898/631 139/884/631 868/995/631
f 769/706/632 1674/994/632 868/995/632 177/702/632
f 140/990/633 826/996/633 1675/997/633 869/991/633
f 826/996/634 142/998/634 871/999/634 1675/997/634
f 1675/997/635 871/999/635 211/1000/635 872/1001/635
f 869/991/636 1675/997/636 872/1001/636 164/458/636
f 212/1002/637 874/1003/637 1676/1004/637 873/1005/637
f 874/1003/638 143/1006/638 831/1007/638 1676/1004/638
f 1676/1004/639 831/1007/639 141/899/639 870/993/639
f 873/1005/640 1676/1004/640 870/993/640 165/467/640
f 142/998/641 818/1008/641 1677/1009/641 871/999/641
f 818/1008/642 144/814/642 875/1010/642 1677/1009/642
f 1677/1009/643 875/1010/643 213/1011/643 876/1012/643
f 871/999/644 1677/1009/644 876/1012/644 211/1000/644
f 214/1013/645 878/1014/645 1678/1015/645 877/1016/645
f 878/1014/646 145/827/646 825/1017/646 1678/1015/646
f 1678/1015/647 825/1017/647 143/1006/647 874/1003/647
f 877/1016/648 1678/1015/648 874/1003/648 212/1002/648
f 144/814/649 805/1018/649 1679/1019/649 875/1010/649
f 805/1018/650 187/1020/650 797/1021/650 1679/1019/650
f 1679/1019/651 797/1021/651 166/1022/651 879/1023/651
f 875/1010/652 1679/1019/652 879/1023/652 213/1011/652
f 167/446/653 802/1024/653 1680/1025/653 880/1026/653
f 802/1024/654 188/829/654 811/1027/654 1680/1025/654
f 1680/1025/655 811/1027/655 145/827/655 878/1014/655
f 880/1026/656 1680/1025/656 878/1014/656 214/1013/656
f 81/1028/657 881/1029/657 1681/1030/657 662/1031/657
f 881/1029/658 209/1032/658 882/1033/658 1681/1030/658
f 1681/1030/659 882/1033/659 213/1034/659 879/1035/659
f 662/1031/660 1681/1030/660 879/1035/660 166/1022/660
f 214/1036/661 883/1037/661 1682/1038/661 880/1039/661
f 883/1037/662 210/1040/662 884/1041/662 1682/1038/662
f 1682/1038/663 884/1041/663 82/448/663 665/1042/663
f 880/1039/664 1682/1038/664 665/1042/664 167/446/664
f 209/1032/665 885/1043/665 1683/1044/665 882/1033/665
f 885/1043/666 215/1045/666 886/1046/666 1683/1044/666
f 1683/1044/667 886/1046/667 211/1047/667 876/1048/667
f 882/1033/668 1683/1044/668 876/1048/668 213/1034/668
f 212/1049/669 887/1050/669 1684/1051/669 877/1052/669
f 887/1050/670 216/1053/670 888/1054/670 1684/1051/670
f 1684/1051/671 888/1054/671 210/1040/671 883/1037/671
f 877/1052/672 1684/1051/672 883/1037/672 214/1036/672
f 79/1055/673 667/453/673 1685/1056/673 889/1057/673
f 667/453/674 164/458/674 872/1058/674 1685/1056/674
f 1685/1056/675 872/1058/675 211/1000/675 886/1059/675
f 889/1057/676 1685/1056/676 886/1059/676 215/1060/676
f 212/1002/677 873/1061/677 1686/1062/677 887/1063/677
f 873/1061/678 165/467/678 674/1064/678 1686/1062/678
f 1686/1062/679 674/1064/679 80/1065/679 890/1066/679
f 887/1063/680 1686/1062/680 890/1066/680 216/1067/680
f 131/773/681 816/845/681 1687/1068/681 891/1069/681
f 816/845/682 130/1070/682 892/1071/682 1687/1068/682
f 1687/1068/683 892/1071/683 72/1072/683 893/1073/683
f 891/1069/684 1687/1068/684 893/1073/684 222/1074/684
f 72/1075/685 892/1071/685 1688/1076/685 894/1077/685
f 892/1071/686 130/844/686 817/1078/686 1688/1076/686
f 1688/1076/687 817/1078/687 132/787/687 895/1079/687
f 894/1077/688 1688/1076/688 895/1079/688 223/1080/688
f 133/762/689 794/1081/689 1689/1082/689 896/1083/689
f 794/1081/690 131/773/690 891/1069/690 1689/1082/690
f 1689/1082/691 891/1069/691 222/1074/691 897/1084/691
f 896/1083/692 1689/1082/692 897/1084/692 220/1085/692
f 223/1080/693 895/1079/693 1690/1086/693 898/1087/693
f 895/1079/694 132/787/694 795/1088/694 1690/1086/694
f 1690/1086/695 795/1088/695 134/1089/695 899/1090/695
f 898/1087/696 1690/1086/696 899/1090/696 221/1091/696
f 135/747/697 790/763/697 1691/1092/697 900/1093/697
f 790/763/698 133/762/698 896/1083/698 1691/1092/698
f 1691/1092/699 896/1083/699 220/1094/699 901/1095/699
f 900/1093/700 1691/1092/700 901/1095/700 218/1096/700
f 221/1097/701 899/1098/701 1692/1099/701 902/1100/701
f 899/1098/702 134/1101/702 791/1102/702 1692/1099/702
f 1692/1099/703 791/1102/703 136/1103/703 903/1104/703
f 902/1100/704 1692/1099/704 903/1104/704 219/1105/704
f 137/751/705 785/1106/705 1693/1107/705 904/1108/705
f 785/1106/706 135/747/706 900/1093/706 1693/1107/706
f 1693/1107/707 900/1093/707 218/1096/707 905/1109/707
f 904/1108/708 1693/1107/708 905/1109/708 217/1110/708
f 219/1105/709 903/1104/709 1694/1111/709 906/1112/709
f 903/1104/710 136/1103/710 787/1113/710 1694/1111/710
f 1694/1111/711 787/1113/711 137/1114/711 904/1115/711
f 906/1112/712 1694/1111/712 904/1115/712 217/1110/712
f 217/1116/713 905/1117/713 1695/1118/713 907/1119/713
f 905/1117/714 218/1120/714 908/1121/714 1695/1118/714
f 1695/1118/715 908/1121/715 229/1122/715 909/1123/715
f 907/1119/716 1695/1118/716 909/1123/716 231/1124/716
f 230/1125/717 911/1126/717 1696/1127/717 910/1128/717
f 911/1126/718 219/1129/718 906/1130/718 1696/1127/718
f 1696/1127/719 906/1130/719 217/1131/719 907/1132/719
f 910/1128/720 1696/1127/720 907/1132/720 231/1124/720
f 218/1120/721 901/1133/721 1697/1134/721 908/1121/721
f 901/1133/722 220/1085/722 912/1135/722 1697/1134/722
f 1697/1134/723 912/1135/723 227/1136/723 913/1137/723
f 908/1121/724 1697/1134/724 913/1137/724 229/1122/724
f 228/1138/725 915/1139/725 1698/1140/725 914/1141/725
f 915/1139/726 221/1091/726 902/1142/726 1698/1140/726
f 1698/1140/727 902/1142/727 219/1129/727 911/1126/727
f 914/1141/728 1698/1140/728 911/1126/728 230/1125/728
f 220/1085/729 897/1084/729 1699/1143/729 912/1135/729
f 897/1084/730 222/1074/730 916/1144/730 1699/1143/730
f 1699/1143/731 916/1144/731 225/1145/731 917/1146/731
f 912/1135/732 1699/1143/732 917/1146/732 227/1136/732
f 226/1147/733 919/1148/733 1700/1149/733 918/1150/733
f 919/1148/734 223/1080/734 898/1087/734 1700/1149/734
f 1700/1149/735 898/1087/735 221/1091/735 915/1139/735
f 918/1150/736 1700/1149/736 915/1139/736 228/1138/736
f 222/1074/737 893/1073/737 1701/1151/737 916/1144/737
f 893/1073/738 72/1072/738 920/1152/738 1701/1151/738
f 1701/1151/739 920/1152/739 224/1153/739 921/1154/739
f 916/1144/740 1701/1151/740 921/1154/740 225/1145/740
f 224/1155/741 920/1152/741 1702/1156/741 922/1157/741
f 920/1152/742 72/1075/742 894/1077/742 1702/1156/742
f 1702/1156/743 894/1077/743 223/1080/743 919/1148/743
f 922/1157/744 1702/1156/744 919/1148/744 226/1147/744
f 224/1153/745 923/1158/745 1703/1159/745 921/1160/745
f 923/1158/746 231/1124/746 909/1161/746 1703/1159/746
f 1703/1159/747 909/1161/747 229/1162/747 924/1163/747
f 921/1160/748 1703/1159/748 924/1163/748 225/1164/748
f 230/1125/749 910/1165/749 1704/1166/749 925/1167/749
f 910/1165/750 231/1124/750 923/1158/750 1704/1166/750
f 1704/1166/751 923/1158/751 224/1168/751 922/1157/751
f 925/1167/752 1704/1166/752 922/1157/752 226/1169/752
f 225/1170/753 924/1163/753 1705/1171/753 917/1172/753
f 229/1173/754 913/1137/754 1705/1171/754 924/1174/754
f 227/1136/755 917/1175/755 1705/1171/755 913/1176/755
f 228/1138/756 914/1141/756 1706/1177/756 918/1150/756
f 230/1178/757 925/1167/757 1706/1177/757 914/1179/757
f 226/1180/758 918/1150/758 1706/1177/758 925/1181/758
f 183/740/759 782/1182/759 1707/1183/759 926/1184/759
f 782/1182/760 181/738/760 927/1185/760 1707/1183/760
f 1707/1183/761 927/1185/761 234/1186/761 928/1187/761
f 926/1184/762 1707/1183/762 928/1187/762 232/1188/762
f 235/1189/763 930/1190/763 1708/1191/763 929/1192/763
f 930/1190/764 182/1193/764 783/1194/764 1708/1191/764
f 1708/1191/765 783/1194/765 184/1195/765 931/1196/765
f 929/1192/766 1708/1191/766 931/1196/766 233/1197/766
f 112/1198/767 776/1199/767 1709/1200/767 932/1201/767
f 776/1199/768 183/740/768 926/1184/768 1709/1200/768
f 1709/1200/769 926/1184/769 232/1188/769 933/1202/769
f 932/1201/770 1709/1200/770 933/1202/770 254/1203/770
f 233/1197/771 931/1196/771 1710/1204/771 934/1205/771
f 931/1196/772 184/1195/772 780/1206/772 1710/1204/772
f 1710/1204/773 780/1206/773 113/724/773 935/1207/773
f 934/1205/774 1710/1204/774 935/1207/774 255/1208/774
f 110/1209/775 772/1210/775 1711/1211/775 936/1212/775
f 772/1210/776 112/1198/776 932/1201/776 1711/1211/776
f 1711/1211/777 932/1201/777 254/1203/777 937/1213/777
f 936/1212/778 1711/1211/778 937/1213/778 256/1214/778
f 255/1208/779 935/1207/779 1712/1215/779 938/1216/779
f 935/1207/780 113/724/780 775/1217/780 1712/1215/780
f 1712/1215/781 775/1217/781 111/1218/781 939/1219/781
f 938/1216/782 1712/1215/782 939/1219/782 257/1220/782
f 181/738/783 766/1221/783 1713/1222/783 927/1185/783
f 766/1221/784 114/696/784 940/1223/784 1713/1222/784
f 1713/1222/785 940/1223/785 252/1224/785 941/1225/785
f 927/1185/786 1713/1222/786 941/1225/786 234/1186/786
f 253/1226/787 943/1227/787 1714/1228/787 942/1229/787
f 943/1227/788 115/1230/788 771/708/788 1714/1228/788
f 1714/1228/789 771/708/789 182/1193/789 930/1190/789
f 942/1229/790 1714/1228/790 930/1190/790 235/1189/790
f 114/696/791 762/1231/791 1715/1232/791 940/1223/791
f 762/1231/792 116/1233/792 944/1234/792 1715/1232/792
f 1715/1232/793 944/1234/793 250/1235/793 945/1236/793
f 940/1223/794 1715/1232/794 945/1236/794 252/1224/794
f 251/1237/795 947/1238/795 1716/1239/795 946/1240/795
f 947/1238/796 117/1241/796 765/694/796 1716/1239/796
f 1716/1239/797 765/694/797 115/1230/797 943/1227/797
f 946/1240/798 1716/1239/798 943/1227/798 253/1226/798
f 116/1233/799 758/676/799 1717/1242/799 944/1234/799
f 758/676/800 118/1243/800 948/1244/800 1717/1242/800
f 1717/1242/801 948/1244/801 248/1245/801 949/1246/801
f 944/1234/802 1717/1242/802 949/1246/802 250/1235/802
f 249/1247/803 951/1248/803 1718/1249/803 950/1250/803
f 951/1248/804 119/1251/804 761/1252/804 1718/1249/804
f 1718/1249/805 761/1252/805 117/1241/805 947/1238/805
f 950/1250/806 1718/1249/806 947/1238/806 251/1237/806
f 118/1243/807 754/1253/807 1719/1254/807 948/1244/807
f 754/1253/808 120/651/808 952/1255/808 1719/1254/808
f 1719/1254/809 952/1255/809 246/1256/809 953/1257/809
f 948/1244/810 1719/1254/810 953/1257/810 248/1245/810
f 247/1258/811 955/1259/811 1720/1260/811 954/1261/811
f 955/1259/812 121/1262/812 757/1263/812 1720/1260/812
f 1720/1260/813 757/1263/813 119/1251/813 951/1248/813
f 954/1261/814 1720/1260/814 951/1248/814 249/1247/814
f 120/651/815 750/1264/815 1721/1265/815 952/1255/815
f 750/1264/816 122/639/816 956/1266/816 1721/1265/816
f 1721/1265/817 956/1266/817 244/1267/817 957/1268/817
f 952/1255/818 1721/1265/818 957/1268/818 246/1256/818
f 245/1269/819 959/1270/819 1722/1271/819 958/1272/819
f 959/1270/820 123/1273/820 753/1274/820 1722/1271/820
f 1722/1271/821 753/1274/821 121/1262/821 955/1259/821
f 958/1272/822 1722/1271/822 955/1259/822 247/1258/822
f 122/639/823 746/1275/823 1723/1276/823 956/1266/823
f 746/1275/824 124/627/824 960/1277/824 1723/1276/824
f 1723/1276/825 960/1277/825 242/1278/825 961/1279/825
f 956/1266/826 1723/1276/826 961/1279/826 244/1267/826
f 243/1280/827 963/1281/827 1724/1282/827 962/1283/827
f 963/1281/828 125/1284/828 749/650/828 1724/1282/828
f 1724/1282/829 749/650/829 123/1273/829 959/1270/829
f 962/1283/830 1724/1282/830 959/1270/830 245/1269/830
f 124/627/831 742/1285/831 1725/1286/831 960/1277/831
f 742/1285/832 126/1287/832 964/1288/832 1725/1286/832
f 1725/1286/833 964/1288/833 240/1289/833 965/1290/833
f 960/1277/834 1725/1286/834 965/1290/834 242/1278/834
f 241/1291/835 967/1292/835 1726/1293/835 966/1294/835
f 967/1292/836 127/1295/836 745/1296/836 1726/1293/836
f 1726/1293/837 745/1296/837 125/1284/837 963/1281/837
f 966/1294/838 1726/1293/838 963/1281/838 243/1280/838
f 126/1287/839 738/1297/839 1727/1298/839 964/1288/839
f 738/1297/840 179/1299/840 968/1300/840 1727/1298/840
f 1727/1298/841 968/1300/841 236/1301/841 969/1302/841
f 964/1288/842 1727/1298/842 969/1302/842 240/1289/842
f 237/1303/843 971/1304/843 1728/1305/843 970/1306/843
f 971/1304/844 180/1307/844 741/1308/844 1728/1305/844
f 1728/1305/845 741/1308/845 127/1295/845 967/1292/845
f 970/1306/846 1728/1305/846 967/1292/846 241/1291/846
f 179/1299/847 734/1309/847 1729/1310/847 968/1300/847
f 734/1309/848 128/1311/848 972/1312/848 1729/1310/848
f 1729/1310/849 972/1312/849 238/1313/849 973/1314/849
f 968/1300/850 1729/1310/850 973/1314/850 236/1301/850
f 239/1315/851 975/1316/851 1730/1317/851 974/1318/851
f 975/1316/852 129/1319/852 737/1320/852 1730/1317/852
f 1730/1317/853 737/1320/853 180/1307/853 971/1304/853
f 974/1318/854 1730/1317/854 971/1304/854 237/1303/854
f 128/1311/855 729/1321/855 1731/1322/855 972/1312/855
f 729/1321/856 110/1209/856 936/1212/856 1731/1322/856
f 1731/1322/857 936/1212/857 256/1214/857 976/1323/857
f 972/1312/858 1731/1322/858 976/1323/858 238/1313/858
f 257/1220/859 939/1219/859 1732/1324/859 977/1325/859
f 939/1219/860 111/1218/860 732/1326/860 1732/1324/860
f 1732/1324/861 732/1326/861 129/1319/861 975/1316/861
f 977/1325/862 1732/1324/862 975/1316/862 239/1315/862
f 238/1313/863 976/1327/863 1733/1328/863 978/1329/863
f 976/1327/864 256/1330/864 979/1331/864 1733/1328/864
f 1733/1328/865 979/1331/865 258/1332/865 980/1333/865
f 978/1329/866 1733/1328/866 980/1333/866 276/1334/866
f 259/1335/867 982/1336/867 1734/1337/867 981/1338/867
f 982/1336/868 257/1339/868 977/1340/868 1734/1337/868
f 1734/1337/869 977/1340/869 239/1341/869 983/1342/869
f 981/1338/870 1734/1337/870 983/1342/870 277/1343/870
f 236/1301/871 973/1344/871 1735/1345/871 984/1346/871
f 973/1344/872 238/1313/872 978/1329/872 1735/1345/872
f 1735/1345/873 978/1329/873 276/1334/873 985/1347/873
f 984/1346/874 1735/1345/874 985/1347/874 278/1348/874
f 277/1343/875 983/1342/875 1736/1349/875 986/1350/875
f 983/1342/876 239/1341/876 974/1351/876 1736/1349/876
f 1736/1349/877 974/1351/877 237/1352/877 987/1353/877
f 986/1350/878 1736/1349/878 987/1353/878 279/1354/878
f 240/1355/879 969/1356/879 1737/1357/879 988/1358/879
f 969/1356/880 236/1301/880 984/1346/880 1737/1357/880
f 1737/1357/881 984/1346/881 278/1348/881 989/1359/881
f 988/1358/882 1737/1357/882 989/1359/882 274/1360/882
f 279/1354/883 987/1353/883 1738/1361/883 990/1362/883
f 987/1353/884 237/1352/884 970/1306/884 1738/1361/884
f 1738/1361/885 970/1306/885 241/1363/885 991/1364/885
f 990/1362/886 1738/1361/886 991/1364/886 275/1365/886
f 242/1366/887 965/1367/887 1739/1368/887 992/1369/887
f 965/1367/888 240/1355/888 988/1358/888 1739/1368/888
f 1739/1368/889 988/1358/889 274/1360/889 993/1370/889
f 992/1369/890 1739/1368/890 993/1370/890 272/1371/890
f 275/1365/891 991/1364/891 1740/1372/891 994/1373/891
f 991/1364/892 241/1363/892 966/1374/892 1740/1372/892
f 1740/1372/893 966/1374/893 243/1375/893 995/1376/893
f 994/1373/894 1740/1372/894 995/1376/894 273/1377/894
f 244/1378/895 961/1379/895 1741/1380/895 996/1381/895
f 961/1379/896 242/1366/896 992/1369/896 1741/1380/896
f 1741/1380/897 992/1369/897 272/1371/897 997/1382/897
f 996/1381/898 1741/1380/898 997/1382/898 270/1383/898
f 273/1377/899 995/1376/899 1742/1384/899 998/1385/899
f 995/1376/900 243/1375/900 962/1386/900 1742/1384/900
f 1742/1384/901 962/1386/901 245/1387/901 999/1388/901
f 998/1385/902 1742/1384/902 999/1388/902 271/1389/902
f 246/1390/903 957/1268/903 1743/1391/903 1000/1392/903
f 957/1268/904 244/1378/904 996/1381/904 1743/1391/904
f 1743/1391/905 996/1381/905 270/1383/905 1001/1393/905
f 1000/1392/906 1743/1391/906 1001/1393/906 268/1394/906
f 271/1389/907 999/1388/907 1744/1395/907 1002/1396/907
f 999/1388/908 245/1387/908 958/1397/908 1744/1395/908
f 1744/1395/909 958/1397/909 247/1398/909 1003/1399/909
f 1002/1396/910 1744/1395/910 1003/1399/910 269/1400/910
f 248/1401/911 953/1402/911 1745/1403/911 1004/1404/911
f 953/1402/912 246/1390/912 1000/1392/912 1745/1403/912
f 1745/1403/913 1000/1392/913 268/1394/913 1005/1405/913
f 1004/1404/914 1745/1403/914 1005/1405/914 266/1406/914
f 269/1400/915 1003/1399/915 1746/1407/915 1006/1408/915
f 1003/1399/916 247/1398/916 954/1409/916 1746/1407/916
f 1746/1407/917 954/1409/917 249/1410/917 1007/1411/917
f 1006/1408/918 1746/1407/918 1007/1411/918 267/1412/918
f 250/1413/919 949/1246/919 1747/1414/919 1008/1415/919
f 949/1246/920 248/1401/920 1004/1404/920 1747/1414/920
f 1747/1414/921 1004/1404/921 266/1406/921 1009/1416/921
f 1008/1415/922 1747/1414/922 1009/1416/922 264/1417/922
f 267/1412/923 1007/1411/923 1748/1418/923 1010/1419/923
f 1007/1411/924 249/1410/924 950/1420/924 1748/1418/924
f 1748/1418/925 950/1420/925 251/1421/925 1011/1422/925
f 1010/1419/926 1748/1418/926 1011/1422/926 265/1423/926
f 252/1424/927 945/1425/927 1749/1426/927 1012/1427/927
f 945/1425/928 250/1413/928 1008/1415/928 1749/1426/928
f 1749/1426/929 1008/1415/929 264/1417/929 1013/1428/929
f 1012/1427/930 1749/1426/930 1013/1428/930 262/1429/930
f 265/1423/931 1011/1422/931 1750/1430/931 1014/1431/931
f 1011/1422/932 251/1421/932 946/1432/932 1750/1430/932
f 1750/1430/933 946/1432/933 253/1433/933 1015/1434/933
f 1014/1431/934 1750/1430/934 1015/1434/934 263/1435/934
f 234/1436/935 941/1225/935 1751/1437/935 1016/1438/935
f 941/1225/936 252/1424/936 1012/1427/936 1751/1437/936
f 1751/1437/937 1012/1427/937 262/1429/937 1017/1439/937
f 1016/1438/938 1751/1437/938 1017/1439/938 280/1440/938
f 263/1435/939 1015/1434/939 1752/1441/939 1018/1442/939
f 1015/1434/940 253/1433/940 942/1443/940 1752/1441/940
f 1752/1441/941 942/1443/941 235/1444/941 1019/1445/941
f 1018/1442/942 1752/1441/942 1019/1445/942 281/1446/942
f 256/1330/943 937/1447/943 1753/1448/943 979/1331/943
f 937/1447/944 254/1449/944 1020/1450/944 1753/1448/944
f 1753/1448/945 1020/1450/945 260/1451/945 1021/1452/945
f 979/1331/946 1753/1448/946 1021/1452/946 258/1332/946
f 261/1453/947 1023/1454/947 1754/1455/947 1022/1456/947
f 1023/1454/948 255/1457/948 938/1458/948 1754/1455/948
f 1754/1455/949 938/1458/949 257/1339/949 982/1336/949
f 1022/1456/950 1754/1455/950 982/1336/950 259/1335/950
f 254/1449/951 933/1459/951 1755/1460/951 1020/1450/951
f 933/1459/952 232/1461/952 1024/1462/952 1755/1460/952
f 1755/1460/953 1024/1462/953 282/1463/953 1025/1464/953
f 1020/1450/954 1755/1460/954 1025/1464/954 260/1451/954
f 283/1465/955 1027/1466/955 1756/1467/955 1026/1468/955
f 1027/1466/956 233/1469/956 934/1470/956 1756/1467/956
f 1756/1467/957 934/1470/957 255/1457/957 1023/1454/957
f 1026/1468/958 1756/1467/958 1023/1454/958 261/1453/958
f 232/1461/959 928/1471/959 1757/1472/959 1024/1462/959
f 928/1471/960 234/1436/960 1016/1438/960 1757/1472/960
f 1757/1472/961 1016/1438/961 280/1440/961 1028/1473/961
f 1024/1462/962 1757/1472/962 1028/1473/962 282/1463/962
f 281/1446/963 1019/1445/963 1758/1474/963 1029/1475/963
f 1019/1445/964 235/1444/964 929/1476/964 1758/1474/964
f 1758/1474/965 929/1476/965 233/1469/965 1027/1466/965
f 1029/1475/966 1758/1474/966 1027/1466/966 283/1465/966
f 67/580/967 723/1477/967 1759/1478/967 1030/1479/967
f 723/1477/968 108/1480/968 1031/1481/968 1759/1478/968
f 1759/1478/969 1031/1481/969 284/1482/969 1032/1483/969
f 1030/1479/970 1759/1478/970 1032/1483/970 73/1484/970
f 285/1485/971 1034/1486/971 1760/1487/971 1033/1488/971
f 1034/1486/972 109/582/972 727/1489/972 1760/1487/972
f 1760/1487/973 727/1489/973 67/573/973 1030/1490/973
f 1033/1488/974 1760/1487/974 1030/1490/974 73/1484/974
f 108/1480/975 717/1491/975 1761/1492/975 1031/1481/975
f 717/1491/976 106/1493/976 1035/1494/976 1761/1492/976
f 1761/1492/977 1035/1494/977 286/1495/977 1036/1496/977
f 1031/1481/978 1761/1492/978 1036/1496/978 284/1482/978
f 287/1497/979 1038/1498/979 1762/1499/979 1037/1500/979
f 1038/1498/980 107/556/980 722/1501/980 1762/1499/980
f 1762/1499/981 722/1501/981 109/582/981 1034/1486/981
f 1037/1500/982 1762/1499/982 1034/1486/982 285/1485/982
f 106/1493/983 711/1502/983 1763/1503/983 1035/1494/983
f 711/1502/984 104/1504/984 1039/1505/984 1763/1503/984
f 1763/1503/985 1039/1505/985 288/1506/985 1040/1507/985
f 1035/1494/986 1763/1503/986 1040/1507/986 286/1495/986
f 289/1508/987 1042/1509/987 1764/1510/987 1041/1511/987
f 1042/1509/988 105/1512/988 716/1513/988 1764/1510/988
f 1764/1510/989 716/1513/989 107/556/989 1038/1498/989
f 1041/1511/990 1764/1510/990 1038/1498/990 287/1497/990
f 104/1504/991 705/1514/991 1765/1515/991 1039/1505/991
f 705/1514/992 102/1516/992 1043/1517/992 1765/1515/992
f 1765/1515/993 1043/1517/993 290/1518/993 1044/1519/993
f 1039/1505/994 1765/1515/994 1044/1519/994 288/1506/994
f 291/1520/995 1046/1521/995 1766/1522/995 1045/1523/995
f 1046/1521/996 103/1524/996 710/1525/996 1766/1522/996
f 1766/1522/997 710/1525/997 105/1512/997 1042/1509/997
f 1045/1523/998 1766/1522/998 1042/1509/998 289/1508/998
f 102/1516/999 699/1526/999 1767/1527/999 1043/1517/999
f 699/1526/1000 100/1528/1000 1047/1529/1000 1767/1527/1000
f 1767/1527/1001 1047/1529/1001 292/1530/1001 1048/1531/1001
f 1043/1517/1002 1767/1527/1002 1048/1531/1002 290/1518/1002
f 293/1532/1003 1050/1533/1003 1768/1534/1003 1049/1535/1003
f 1050/1533/1004 101/520/1004 704/1536/1004 1768/1534/1004
f 1768/1534/1005 704/1536/1005 103/1524/1005 1046/1521/1005
f 1049/1535/1006 1768/1534/1006 1046/1521/1006 291/1520/1006
f 100/1528/1007 693/1537/1007 1769/1538/1007 1047/1529/1007
f 693/1537/1008 98/1539/1008 1051/1540/1008 1769/1538/1008
f 1769/1538/1009 1051/1540/1009 294/1541/1009 1052/1542/1009
f 1047/1529/1010 1769/1538/1010 1052/1542/1010 292/1530/1010
f 295/1543/1011 1054/1544/1011 1770/1545/1011 1053/1546/1011
f 1054/1544/1012 99/1547/1012 698/1548/1012 1770/1545/1012
f 1770/1545/1013 698/1548/1013 101/520/1013 1050/1533/1013
f 1053/1546/1014 1770/1545/1014 1050/1533/1014 293/1532/1014
f 98/1539/1015 687/1549/1015 1771/1550/1015 1051/1540/1015
f 687/1549/1016 96/1551/1016 1055/1552/1016 1771/1550/1016
f 1771/1550/1017 1055/1552/1017 296/1553/1017 1056/1554/1017
f 1051/1540/1018 1771/1550/1018 1056/1554/1018 294/1541/1018
f 297/1555/1019 1058/1556/1019 1772/1557/1019 1057/1558/1019
f 1058/1556/1020 97/1559/1020 692/1560/1020 1772/1557/1020
f 1772/1557/1021 692/1560/1021 99/1547/1021 1054/1544/1021
f 1057/1558/1022 1772/1557/1022 1054/1544/1022 295/1543/1022
f 96/488/1023 681/1561/1023 1773/1562/1023 1055/1563/1023
f 681/1561/1024 94/1564/1024 1059/1565/1024 1773/1562/1024
f 1773/1562/1025 1059/1565/1025 298/1566/1025 1060/1567/1025
f 1055/1563/1026 1773/1562/1026 1060/1567/1026 296/1568/1026
f 299/1569/1027 1062/1570/1027 1774/1571/1027 1061/1572/1027
f 1062/1570/1028 95/1573/1028 686/497/1028 1774/1571/1028
f 1774/1571/1029 686/497/1029 97/1574/1029 1058/1575/1029
f 1061/1572/1030 1774/1571/1030 1058/1575/1030 297/1576/1030
f 94/1577/1031 675/1578/1031 1775/1579/1031 1059/1580/1031
f 675/1578/1032 92/1581/1032 1063/1582/1032 1775/1579/1032
f 1775/1579/1033 1063/1582/1033 300/1583/1033 1064/1584/1033
f 1059/1580/1034 1775/1579/1034 1064/1584/1034 298/1585/1034
f 301/1586/1035 1066/1587/1035 1776/1588/1035 1065/1589/1035
f 1066/1587/1036 93/463/1036 680/1590/1036 1776/1588/1036
f 1776/1588/1037 680/1590/1037 95/1591/1037 1062/1592/1037
f 1065/1589/1038 1776/1588/1038 1062/1592/1038 299/1593/1038
f 308/1594/1039 1068/1595/1039 1777/1596/1039 1067/1597/1039
f 1068/1595/1040 309/1598/1040 1069/1599/1040 1777/1596/1040
f 1777/1596/1041 1069/1599/1041 328/1600/1041 1070/1601/1041
f 1067/1597/1042 1777/1596/1042 1070/1601/1042 338/1602/1042
f 329/1603/1043 1072/1604/1043 1778/1605/1043 1071/1606/1043
f 1072/1604/1044 309/1607/1044 1068/1608/1044 1778/1605/1044
f 1778/1605/1045 1068/1608/1045 308/1609/1045 1073/1610/1045
f 1071/1606/1046 1778/1605/1046 1073/1610/1046 339/1611/1046
f 307/1612/1047 1075/1613/1047 1779/1614/1047 1074/1615/1047
f 1075/1613/1048 308/1594/1048 1067/1597/1048 1779/1614/1048
f 1779/1614/1049 1067/1597/1049 338/1602/1049 1076/1616/1049
f 1074/1615/1050 1779/1614/1050 1076/1616/1050 336/1617/1050
f 339/1611/1051 1073/1610/1051 1780/1618/1051 1077/1619/1051
f 1073/1610/1052 308/1609/1052 1075/1620/1052 1780/1618/1052
f 1780/1618/1053 1075/1620/1053 307/1621/1053 1078/1622/1053
f 1077/1619/1054 1780/1618/1054 1078/1622/1054 337/1623/1054
f 306/1624/1055 1080/1625/1055 1781/1626/1055 1079/1627/1055
f 1080/1625/1056 307/1612/1056 1074/1615/1056 1781/1626/1056
f 1781/1626/1057 1074/1615/1057 336/1617/1057 1081/1628/1057
f 1079/1627/1058 1781/1626/1058 1081/1628/1058 340/1629/1058
f 337/1623/1059 1078/1622/1059 1782/1630/1059 1082/1631/1059
f 1078/1622/1060 307/1621/1060 1080/1632/1060 1782/1630/1060
f 1782/1630/1061 1080/1632/1061 306/1624/1061 1083/1633/1061
f 1082/1631/1062 1782/1630/1062 1083/1633/1062 341/1634/1062
f 89/1635/1063 636/388/1063 1783/1636/1063 1084/1637/1063
f 636/388/1064 91/1638/1064 1085/1639/1064 1783/1636/1064
f 1783/1636/1065 1085/1639/1065 306/1624/1065 1079/1640/1065
f 1084/1637/1066 1783/1636/1066 1079/1640/1066 340/1629/1066
f 306/1624/1067 1085/1641/1067 1784/1642/1067 1083/1643/1067
f 1085/1641/1068 91/1644/1068 642/1645/1068 1784/1642/1068
f 1784/1642/1069 642/1645/1069 90/1646/1069 1086/1647/1069
f 1083/1643/1070 1784/1642/1070 1086/1647/1070 341/1648/1070
f 87/1649/1071 643/1650/1071 1785/1651/1071 1087/1652/1071
f 643/1650/1072 89/1635/1072 1084/1637/1072 1785/1651/1072
f 1785/1651/1073 1084/1637/1073 340/1629/1073 1088/1653/1073
f 1087/1652/1074 1785/1651/1074 1088/1653/1074 334/1654/1074
f 341/1648/1075 1086/1647/1075 1786/1655/1075 1089/1656/1075
f 1086/1647/1076 90/1646/1076 648/1657/1076 1786/1655/1076
f 1786/1655/1077 648/1657/1077 88/1658/1077 1090/1659/1077
f 1089/1656/1078 1786/1655/1078 1090/1659/1078 335/1660/1078
f 85/1661/1079 649/1662/1079 1787/1663/1079 1091/1664/1079
f 649/1662/1080 87/1649/1080 1087/1652/1080 1787/1663/1080
f 1787/1663/1081 1087/1652/1081 334/1654/1081 1092/1665/1081
f 1091/1664/1082 1787/1663/1082 1092/1665/1082 330/1666/1082
f 335/1660/1083 1090/1659/1083 1788/1667/1083 1093/1668/1083
f 1090/1659/1084 88/1658/1084 654/1669/1084 1788/1667/1084
f 1788/1667/1085 654/1669/1085 86/1670/1085 1094/1671/1085
f 1093/1668/1086 1788/1667/1086 1094/1671/1086 331/1672/1086
f 83/426/1087 655/429/1087 1789/1673/1087 1095/1674/1087
f 655/429/1088 85/1661/1088 1091/1675/1088 1789/1673/1088
f 1789/1673/1089 1091/1675/1089 330/1666/1089 1096/1676/1089
f 1095/1674/1090 1789/1673/1090 1096/1676/1090 332/1677/1090
f 331/1678/1091 1094/1679/1091 1790/1680/1091 1097/1681/1091
f 1094/1679/1092 86/1682/1092 660/1683/1092 1790/1680/1092
f 1790/1680/1093 660/1683/1093 84/436/1093 1098/1684/1093
f 1097/1681/1094 1790/1680/1094 1098/1684/1094 333/1685/1094
f 330/1666/1095 1099/1686/1095 1791/1687/1095 1096/1688/1095
f 1099/1686/1096 336/1617/1096 1076/1689/1096 1791/1687/1096
f 1791/1687/1097 1076/1689/1097 338/1690/1097 1100/1691/1097
f 1096/1688/1098 1791/1687/1098 1100/1691/1098 332/1692/1098
f 339/1693/1099 1077/1694/1099 1792/1695/1099 1101/1696/1099
f 1077/1694/1100 337/1623/1100 1102/1697/1100 1792/1695/1100
f 1792/1695/1101 1102/1697/1101 331/1672/1101 1097/1698/1101
f 1101/1696/1102 1792/1695/1102 1097/1698/1102 333/1685/1102
f 330/1666/1103 1092/1665/1103 1793/1699/1103 1099/1686/1103
f 1092/1665/1104 334/1654/1104 1088/1653/1104 1793/1699/1104
f 1793/1699/1105 1088/1653/1105 340/1700/1105 1081/1701/1105
f 1099/1686/1106 1793/1699/1106 1081/1701/1106 336/1702/1106
f 341/1703/1107 1089/1704/1107 1794/1705/1107 1082/1706/1107
f 1089/1704/1108 335/1660/1108 1093/1668/1108 1794/1705/1108
f 1794/1705/1109 1093/1668/1109 331/1672/1109 1102/1707/1109
f 1082/1706/1110 1794/1705/1110 1102/1707/1110 337/1708/1110
f 326/1709/1111 1104/1710/1111 1795/1711/1111 1103/1712/1111
f 1104/1710/1112 332/1677/1112 1100/1713/1112 1795/1711/1112
f 1795/1711/1113 1100/1713/1113 338/1714/1113 1070/1715/1113
f 1103/1712/1114 1795/1711/1114 1070/1715/1114 328/1716/1114
f 339/1693/1115 1101/1717/1115 1796/1718/1115 1071/1719/1115
f 1101/1717/1116 333/1685/1116 1105/1720/1116 1796/1718/1116
f 1796/1718/1117 1105/1720/1117 327/1721/1117 1106/1722/1117
f 1071/1719/1118 1796/1718/1118 1106/1722/1118 329/1603/1118
f 81/1723/1119 661/1724/1119 1797/1725/1119 1107/1726/1119
f 661/1724/1120 83/426/1120 1095/1674/1120 1797/1725/1120
f 1797/1725/1121 1095/1674/1121 332/1677/1121 1104/1710/1121
f 1107/1726/1122 1797/1725/1122 1104/1710/1122 326/1709/1122
f 333/1685/1123 1098/1684/1123 1798/1727/1123 1105/1720/1123
f 1098/1684/1124 84/436/1124 666/1728/1124 1798/1727/1124
f 1798/1727/1125 666/1728/1125 82/448/1125 1108/1729/1125
f 1105/1720/1126 1798/1727/1126 1108/1729/1126 327/1721/1126
f 209/1032/1127 1109/1730/1127 1799/1731/1127 885/1732/1127
f 1109/1730/1128 342/1733/1128 1110/1734/1128 1799/1731/1128
f 1799/1731/1129 1110/1734/1129 344/1735/1129 1111/1736/1129
f 885/1732/1130 1799/1731/1130 1111/1736/1130 215/1060/1130
f 345/1737/1131 1113/1738/1131 1800/1739/1131 1112/1740/1131
f 1113/1738/1132 343/1741/1132 1114/1742/1132 1800/1739/1132
f 1800/1739/1133 1114/1742/1133 210/1743/1133 888/1744/1133
f 1112/1740/1134 1800/1739/1134 888/1744/1134 216/1745/1134
f 81/1746/1135 1107/1747/1135 1801/1748/1135 881/1029/1135
f 1107/1747/1136 326/1709/1136 1115/1749/1136 1801/1748/1136
f 1801/1748/1137 1115/1749/1137 342/1733/1137 1109/1730/1137
f 881/1029/1138 1801/1748/1138 1109/1730/1138 209/1032/1138
f 343/1741/1139 1116/1750/1139 1802/1751/1139 1114/1742/1139
f 1116/1750/1140 327/1752/1140 1108/1729/1140 1802/1751/1140
f 1802/1751/1141 1108/1729/1141 82/1753/1141 884/1754/1141
f 1114/1742/1142 1802/1751/1142 884/1754/1142 210/1743/1142
f 79/1755/1143 889/1756/1143 1803/1757/1143 1117/1758/1143
f 889/1756/1144 215/1759/1144 1111/1760/1144 1803/1757/1144
f 1803/1757/1145 1111/1760/1145 344/1761/1145 1118/1762/1145
f 1117/1758/1146 1803/1757/1146 1118/1762/1146 346/1763/1146
f 345/1764/1147 1112/1765/1147 1804/1766/1147 1119/1767/1147
f 1112/1765/1148 216/1067/1148 890/1768/1148 1804/1766/1148
f 1804/1766/1149 890/1768/1149 80/1065/1149 1120/1769/1149
f 1119/1767/1150 1804/1766/1150 1120/1769/1150 347/1770/1150
f 79/1771/1151 1117/1772/1151 1805/1773/1151 668/451/1151
f 1117/1772/1152 346/1763/1152 1121/1774/1152 1805/1773/1152
f 1805/1773/1153 1121/1774/1153 300/1583/1153 1063/1775/1153
f 668/451/1154 1805/1773/1154 1063/1775/1154 92/1776/1154
f 301/1586/1155 1122/1777/1155 1806/1778/1155 1066/1779/1155
f 1122/1777/1156 347/1770/1156 1120/1780/1156 1806/1778/1156
f 1806/1778/1157 1120/1780/1157 80/465/1157 673/464/1157
f 1066/1779/1158 1806/1778/1158 673/464/1158 93/463/1158
f 77/1781/1159 1124/1782/1159 1807/1783/1159 1123/1784/1159
f 1124/1782/1160 324/1785/1160 1125/1786/1160 1807/1783/1160
f 1807/1783/1161 1125/1786/1161 352/1787/1161 1126/1788/1161
f 1123/1784/1162 1807/1783/1162 1126/1788/1162 304/1789/1162
f 353/1790/1163 1128/1791/1163 1808/1792/1163 1127/1793/1163
f 1128/1791/1164 325/1794/1164 1129/1795/1164 1808/1792/1164
f 1808/1792/1165 1129/1795/1165 77/1796/1165 1123/1797/1165
f 1127/1793/1166 1808/1792/1166 1123/1797/1166 304/1798/1166
f 304/1789/1167 1126/1788/1167 1809/1799/1167 1130/1800/1167
f 1126/1788/1168 352/1787/1168 1131/1801/1168 1809/1799/1168
f 1809/1799/1169 1131/1801/1169 350/1802/1169 1132/1803/1169
f 1130/1800/1170 1809/1799/1170 1132/1803/1170 78/1804/1170
f 351/1805/1171 1134/1806/1171 1810/1807/1171 1133/1808/1171
f 1134/1806/1172 353/1790/1172 1127/1793/1172 1810/1807/1172
f 1810/1807/1173 1127/1793/1173 304/1798/1173 1130/1809/1173
f 1133/1808/1174 1810/1807/1174 1130/1809/1174 78/1810/1174
f 78/1804/1175 1132/1803/1175 1811/1811/1175 1135/1812/1175
f 1132/1803/1176 350/1802/1176 1136/1813/1176 1811/1811/1176
f 1811/1811/1177 1136/1813/1177 348/1814/1177 1137/1815/1177
f 1135/1812/1178 1811/1811/1178 1137/1815/1178 305/1816/1178
f 349/1817/1179 1139/1818/1179 1812/1819/1179 1138/1820/1179
f 1139/1818/1180 351/1805/1180 1133/1808/1180 1812/1819/1180
f 1812/1819/1181 1133/1808/1181 78/1810/1181 1135/1821/1181
f 1138/1820/1182 1812/1819/1182 1135/1821/1182 305/1822/1182
f 305/1816/1183 1137/1815/1183 1813/1823/1183 1140/1824/1183
f 1137/1815/1184 348/1814/1184 1141/1825/1184 1813/1823/1184
f 1813/1823/1185 1141/1825/1185 328/1826/1185 1069/1599/1185
f 1140/1824/1186 1813/1823/1186 1069/1599/1186 309/1598/1186
f 329/1827/1187 1142/1828/1187 1814/1829/1187 1072/1830/1187
f 1142/1828/1188 349/1817/1188 1138/1820/1188 1814/1829/1188
f 1814/1829/1189 1138/1820/1189 305/1822/1189 1140/1831/1189
f 1072/1830/1190 1814/1829/1190 1140/1831/1190 309/1607/1190
f 326/1709/1191 1103/1832/1191 1815/1833/1191 1115/1749/1191
f 1103/1832/1192 328/1834/1192 1141/1835/1192 1815/1833/1192
f 1815/1833/1193 1141/1835/1193 348/1814/1193 1143/1836/1193
f 1115/1749/1194 1815/1833/1194 1143/1836/1194 342/1733/1194
f 349/1817/1195 1142/1837/1195 1816/1838/1195 1144/1839/1195
f 1142/1837/1196 329/1603/1196 1106/1840/1196 1816/1838/1196
f 1816/1838/1197 1106/1840/1197 327/1752/1197 1116/1750/1197
f 1144/1839/1198 1816/1838/1198 1116/1750/1198 343/1741/1198
f 296/1553/1199 1060/1841/1199 1817/1842/1199 1145/1843/1199
f 1060/1841/1200 298/1585/1200 1146/1844/1200 1817/1842/1200
f 1817/1842/1201 1146/1844/1201 318/1845/1201 1147/1846/1201
f 1145/1843/1202 1817/1842/1202 1147/1846/1202 310/1847/1202
f 319/1848/1203 1149/1849/1203 1818/1850/1203 1148/1851/1203
f 1149/1849/1204 299/1593/1204 1061/1572/1204 1818/1850/1204
f 1818/1850/1205 1061/1572/1205 297/1555/1205 1150/1852/1205
f 1148/1851/1206 1818/1850/1206 1150/1852/1206 311/1853/1206
f 76/1854/1207 1152/1855/1207 1819/1856/1207 1151/1857/1207
f 1152/1855/1208 316/1858/1208 1153/1859/1208 1819/1856/1208
f 1819/1856/1209 1153/1859/1209 324/1785/1209 1124/1782/1209
f 1151/1857/1210 1819/1856/1210 1124/1782/1210 77/1781/1210
f 325/1794/1211 1154/1860/1211 1820/1861/1211 1129/1795/1211
f 1154/1860/1212 317/1862/1212 1155/1863/1212 1820/1861/1212
f 1820/1861/1213 1155/1863/1213 76/1864/1213 1151/1865/1213
f 1129/1795/1214 1820/1861/1214 1151/1865/1214 77/1796/1214
f 302/1866/1215 1157/1867/1215 1821/1868/1215 1156/1869/1215
f 1157/1867/1216 358/1870/1216 1158/1871/1216 1821/1868/1216
f 1821/1868/1217 1158/1871/1217 356/1872/1217 1159/1873/1217
f 1156/1869/1218 1821/1868/1218 1159/1873/1218 303/1874/1218
f 357/1875/1219 1161/1876/1219 1822/1877/1219 1160/1878/1219
f 1161/1876/1220 359/1879/1220 1162/1880/1220 1822/1877/1220
f 1822/1877/1221 1162/1880/1221 302/1881/1221 1156/1882/1221
f 1160/1878/1222 1822/1877/1222 1156/1882/1222 303/1883/1222
f 303/1874/1223 1159/1873/1223 1823/1884/1223 1163/1885/1223
f 1159/1873/1224 356/1872/1224 1164/1886/1224 1823/1884/1224
f 1823/1884/1225 1164/1886/1225 354/1887/1225 1165/1888/1225
f 1163/1885/1226 1823/1884/1226 1165/1888/1226 75/1889/1226
f 355/1890/1227 1167/1891/1227 1824/1892/1227 1166/1893/1227
f 1167/1891/1228 357/1875/1228 1160/1878/1228 1824/1892/1228
f 1824/1892/1229 1160/1878/1229 303/1883/1229 1163/1894/1229
f 1166/1893/1230 1824/1892/1230 1163/1894/1230 75/1895/1230
f 75/1889/1231 1165/1888/1231 1825/1896/1231 1168/1897/1231
f 1165/1888/1232 354/1887/1232 1169/1898/1232 1825/1896/1232
f 1825/1896/1233 1169/1898/1233 316/1858/1233 1152/1855/1233
f 1168/1897/1234 1825/1896/1234 1152/1855/1234 76/1854/1234
f 317/1862/1235 1170/1899/1235 1826/1900/1235 1155/1863/1235
f 1170/1899/1236 355/1890/1236 1166/1893/1236 1826/1900/1236
f 1826/1900/1237 1166/1893/1237 75/1895/1237 1168/1901/1237
f 1155/1863/1238 1826/1900/1238 1168/1901/1238 76/1864/1238
f 292/1902/1239 1052/1903/1239 1827/1904/1239 1171/1905/1239
f 1052/1903/1240 294/1541/1240 1172/1906/1240 1827/1904/1240
f 1827/1904/1241 1172/1906/1241 362/1907/1241 1173/1908/1241
f 1171/1905/1242 1827/1904/1242 1173/1908/1242 364/1909/1242
f 363/1910/1243 1175/1911/1243 1828/1912/1243 1174/1913/1243
f 1175/1911/1244 295/1543/1244 1053/1914/1244 1828/1912/1244
f 1828/1912/1245 1053/1914/1245 293/1915/1245 1176/1916/1245
f 1174/1913/1246 1828/1912/1246 1176/1916/1246 365/1917/1246
f 364/1918/1247 1173/1919/1247 1829/1920/1247 1177/1921/1247
f 1173/1919/1248 362/1922/1248 1178/1923/1248 1829/1920/1248
f 1829/1920/1249 1178/1923/1249 368/1924/1249 1179/1925/1249
f 1177/1921/1250 1829/1920/1250 1179/1925/1250 366/1926/1250
f 369/1927/1251 1181/1928/1251 1830/1929/1251 1180/1930/1251
f 1181/1928/1252 363/1931/1252 1174/1932/1252 1830/1929/1252
f 1830/1929/1253 1174/1932/1253 365/1933/1253 1182/1934/1253
f 1180/1930/1254 1830/1929/1254 1182/1934/1254 367/1935/1254
f 366/1926/1255 1179/1925/1255 1831/1936/1255 1183/1937/1255
f 1179/1925/1256 368/1924/1256 1184/1938/1256 1831/1936/1256
f 1831/1936/1257 1184/1938/1257 370/1939/1257 1185/1940/1257
f 1183/1937/1258 1831/1936/1258 1185/1940/1258 372/1941/1258
f 371/1942/1259 1187/1943/1259 1832/1944/1259 1186/1945/1259
f 1187/1943/1260 369/1927/1260 1180/1930/1260 1832/1944/1260
f 1832/1944/1261 1180/1930/1261 367/1935/1261 1188/1946/1261
f 1186/1945/1262 1832/1944/1262 1188/1946/1262 373/1947/1262
f 372/1948/1263 1185/1949/1263 1833/1950/1263 1189/1951/1263
f 1185/1949/1264 370/1952/1264 1190/1953/1264 1833/1950/1264
f 1833/1950/1265 1190/1953/1265 376/1954/1265 1191/1955/1265
f 1189/1951/1266 1833/1950/1266 1191/1955/1266 374/1956/1266
f 377/1957/1267 1193/1958/1267 1834/1959/1267 1192/1960/1267
f 1193/1958/1268 371/1942/1268 1186/1961/1268 1834/1959/1268
f 1834/1959/1269 1186/1961/1269 373/1962/1269 1194/1963/1269
f 1192/1960/1270 1834/1959/1270 1194/1963/1270 375/1964/1270
f 314/1965/1271 1196/1966/1271 1835/1967/1271 1195/1968/1271
f 1196/1966/1272 378/1969/1272 1197/1970/1272 1835/1967/1272
f 1835/1967/1273 1197/1970/1273 374/1971/1273 1191/1972/1273
f 1195/1968/1274 1835/1967/1274 1191/1972/1274 376/1954/1274
f 375/1973/1275 1198/1974/1275 1836/1975/1275 1192/1976/1275
f 1198/1974/1276 379/1977/1276 1199/1978/1276 1836/1975/1276
f 1836/1975/1277 1199/1978/1277 315/1979/1277 1200/1980/1277
f 1192/1976/1278 1836/1975/1278 1200/1980/1278 377/1957/1278
f 316/1981/1279 1169/1982/1279 1837/1983/1279 1201/1984/1279
f 1169/1982/1280 354/1985/1280 1202/1986/1280 1837/1983/1280
f 1837/1983/1281 1202/1986/1281 374/1987/1281 1197/1988/1281
f 1201/1984/1282 1837/1983/1282 1197/1988/1282 378/1989/1282
f 375/1973/1283 1203/1990/1283 1838/1991/1283 1198/1992/1283
f 1203/1990/1284 355/1993/1284 1170/1994/1284 1838/1991/1284
f 1838/1991/1285 1170/1994/1285 317/1995/1285 1204/1996/1285
f 1198/1992/1286 1838/1991/1286 1204/1996/1286 379/1997/1286
f 354/1985/1287 1164/1998/1287 1839/1999/1287 1202/1986/1287
f 1164/1998/1288 356/2000/1288 1205/2001/1288 1839/1999/1288
f 1839/1999/1289 1205/2001/1289 372/2002/1289 1189/2003/1289
f 1202/1986/1290 1839/1999/1290 1189/2003/1290 374/1987/1290
f 373/1962/1291 1206/2004/1291 1840/2005/1291 1194/2006/1291
f 1206/2004/1292 357/1875/1292 1167/2007/1292 1840/2005/1292
f 1840/2005/1293 1167/2007/1293 355/1993/1293 1203/1990/1293
f 1194/2006/1294 1840/2005/1294 1203/1990/1294 375/1973/1294
f 356/2000/1295 1158/2008/1295 1841/2009/1295 1205/2001/1295
f 1158/2008/1296 358/2010/1296 1207/2011/1296 1841/2009/1296
f 1841/2009/1297 1207/2011/1297 366/2012/1297 1183/2013/1297
f 1205/2001/1298 1841/2009/1298 1183/2013/1298 372/2002/1298
f 367/2014/1299 1208/2015/1299 1842/2016/1299 1188/2017/1299
f 1208/2015/1300 359/2018/1300 1161/2019/1300 1842/2016/1300
f 1842/2016/1301 1161/2019/1301 357/1875/1301 1206/2004/1301
f 1188/2017/1302 1842/2016/1302 1206/2004/1302 373/1962/1302
f 358/2010/1303 1209/2020/1303 1843/2021/1303 1207/2011/1303
f 1209/2020/1304 360/2022/1304 1210/2023/1304 1843/2021/1304
f 1843/2021/1305 1210/2023/1305 364/1918/1305 1177/1921/1305
f 1207/2011/1306 1843/2021/1306 1177/1921/1306 366/2012/1306
f 365/1933/1307 1211/2024/1307 1844/2025/1307 1182/2026/1307
f 1211/2024/1308 361/2027/1308 1212/2028/1308 1844/2025/1308
f 1844/2025/1309 1212/2028/1309 359/2018/1309 1208/2015/1309
f 1182/2026/1310 1844/2025/1310 1208/2015/1310 367/2014/1310
f 290/2029/1311 1048/2030/1311 1845/2031/1311 1213/2032/1311
f 1048/2030/1312 292/1902/1312 1171/1905/1312 1845/2031/1312
f 1845/2031/1313 1171/1905/1313 364/1909/1313 1210/2033/1313
f 1213/2032/1314 1845/2031/1314 1210/2033/1314 360/2034/1314
f 365/1917/1315 1176/1916/1315 1846/2035/1315 1211/2036/1315
f 1176/1916/1316 293/1915/1316 1049/2037/1316 1846/2035/1316
f 1846/2035/1317 1049/2037/1317 291/2038/1317 1214/2039/1317
f 1211/2036/1318 1846/2035/1318 1214/2039/1318 361/2040/1318
f 74/2041/1319 1216/2042/1319 1847/2043/1319 1215/2044/1319
f 1216/2042/1320 360/2034/1320 1209/2045/1320 1847/2043/1320
f 1847/2043/1321 1209/2045/1321 358/1870/1321 1157/1867/1321
f 1215/2044/1322 1847/2043/1322 1157/1867/1322 302/1866/1322
f 359/1879/1323 1212/2046/1323 1848/2047/1323 1162/1880/1323
f 1212/2046/1324 361/2040/1324 1217/2048/1324 1848/2047/1324
f 1848/2047/1325 1217/2048/1325 74/2049/1325 1215/2050/1325
f 1162/1880/1326 1848/2047/1326 1215/2050/1326 302/1881/1326
f 284/2051/1327 1036/2052/1327 1849/2053/1327 1218/2054/1327
f 1036/2052/1328 286/2055/1328 1040/2056/1328 1849/2053/1328
f 1849/2053/1329 1040/2056/1329 288/2057/1329 1044/2058/1329
f 1218/2054/1330 1849/2053/1330 1044/2058/1330 290/2029/1330
f 289/2059/1331 1041/2060/1331 1850/2061/1331 1045/2062/1331
f 1041/2060/1332 287/2063/1332 1037/2064/1332 1850/2061/1332
f 1850/2061/1333 1037/2064/1333 285/2065/1333 1219/2066/1333
f 1045/2062/1334 1850/2061/1334 1219/2066/1334 291/2038/1334
f 284/2051/1335 1218/2054/1335 1851/2067/1335 1220/2068/1335
f 1218/2054/1336 290/2029/1336 1213/2032/1336 1851/2067/1336
f 1851/2067/1337 1213/2032/1337 360/2034/1337 1216/2042/1337
f 1220/2068/1338 1851/2067/1338 1216/2042/1338 74/2041/1338
f 361/2040/1339 1214/2039/1339 1852/2069/1339 1217/2048/1339
f 1214/2039/1340 291/2038/1340 1219/2070/1340 1852/2069/1340
f 1852/2069/1341 1219/2070/1341 285/2065/1341 1221/2071/1341
f 1217/2048/1342 1852/2069/1342 1221/2071/1342 74/2049/1342
f 73/2072/1343 1032/2073/1343 1853/2074/1343 1222/2075/1343
f 284/2051/1344 1220/2076/1344 1853/2074/1344 1032/2073/1344
f 74/2041/1345 1222/2077/1345 1853/2074/1345 1220/2078/1345
f 74/2049/1346 1221/2071/1346 1854/2079/1346 1222/2080/1346
f 285/2065/1347 1033/2081/1347 1854/2079/1347 1221/2082/1347
f 73/2083/1348 1222/2080/1348 1854/2079/1348 1033/2084/1348
f 294/1541/1349 1056/1554/1349 1855/2085/1349 1172/1906/1349
f 1056/1554/1350 296/1553/1350 1145/1843/1350 1855/2085/1350
f 1855/2085/1351 1145/1843/1351 310/1847/1351 1223/2086/1351
f 1172/1906/1352 1855/2085/1352 1223/2086/1352 362/1907/1352
f 311/1853/1353 1150/1852/1353 1856/2087/1353 1224/2088/1353
f 1150/1852/1354 297/1555/1354 1057/1558/1354 1856/2087/1354
f 1856/2087/1355 1057/1558/1355 295/1543/1355 1175/1911/1355
f 1224/2088/1356 1856/2087/1356 1175/1911/1356 363/1910/1356
f 310/2089/1357 1225/2090/1357 1857/2091/1357 1223/2086/1357
f 1225/2090/1358 312/2092/1358 1226/2093/1358 1857/2091/1358
f 1857/2091/1359 1226/2093/1359 368/2094/1359 1178/2095/1359
f 1223/2086/1360 1857/2091/1360 1178/2095/1360 362/2096/1360
f 369/1927/1361 1227/2097/1361 1858/2098/1361 1181/1928/1361
f 1227/2097/1362 313/2099/1362 1228/2100/1362 1858/2098/1362
f 1858/2098/1363 1228/2100/1363 311/2101/1363 1224/2102/1363
f 1181/1928/1364 1858/2098/1364 1224/2102/1364 363/2103/1364
f 312/2092/1365 1229/2104/1365 1859/2105/1365 1226/2093/1365
f 1229/2104/1366 382/2106/1366 1230/2107/1366 1859/2105/1366
f 1859/2105/1367 1230/2107/1367 370/1952/1367 1184/1938/1367
f 1226/2093/1368 1859/2105/1368 1184/1938/1368 368/2094/1368
f 371/1942/1369 1231/2108/1369 1860/2109/1369 1187/2110/1369
f 1231/2108/1370 383/2111/1370 1232/2112/1370 1860/2109/1370
f 1860/2109/1371 1232/2112/1371 313/2099/1371 1227/2097/1371
f 1187/2110/1372 1860/2109/1372 1227/2097/1372 369/1927/1372
f 314/1965/1373 1195/1968/1373 1861/2113/1373 1233/2114/1373
f 1195/1968/1374 376/1954/1374 1190/2115/1374 1861/2113/1374
f 1861/2113/1375 1190/2115/1375 370/1952/1375 1230/2116/1375
f 1233/2114/1376 1861/2113/1376 1230/2116/1376 382/2106/1376
f 371/2117/1377 1193/2118/1377 1862/2119/1377 1231/2120/1377
f 1193/2118/1378 377/1957/1378 1200/1980/1378 1862/2119/1378
f 1862/2119/1379 1200/1980/1379 315/1979/1379 1234/2121/1379
f 1231/2120/1380 1862/2119/1380 1234/2121/1380 383/2111/1380
f 348/1814/1381 1136/1813/1381 1863/2122/1381 1235/2123/1381
f 1136/1813/1382 350/2124/1382 1236/2125/1382 1863/2122/1382
f 1863/2122/1383 1236/2125/1383 386/2126/1383 1237/2127/1383
f 1235/2123/1384 1863/2122/1384 1237/2127/1384 384/2128/1384
f 387/2129/1385 1239/2130/1385 1864/2131/1385 1238/2132/1385
f 1239/2130/1386 351/2133/1386 1139/1818/1386 1864/2131/1386
f 1864/2131/1387 1139/1818/1387 349/1817/1387 1240/2134/1387
f 1238/2132/1388 1864/2131/1388 1240/2134/1388 385/2135/1388
f 318/1845/1389 1242/2136/1389 1865/2137/1389 1241/2138/1389
f 1242/2136/1390 384/2128/1390 1237/2139/1390 1865/2137/1390
f 1865/2137/1391 1237/2139/1391 386/2126/1391 1243/2140/1391
f 1241/2138/1392 1865/2137/1392 1243/2140/1392 320/2141/1392
f 387/2142/1393 1238/2143/1393 1866/2144/1393 1244/2145/1393
f 1238/2143/1394 385/2135/1394 1245/2146/1394 1866/2144/1394
f 1866/2144/1395 1245/2146/1395 319/1848/1395 1246/2147/1395
f 1244/2145/1396 1866/2144/1396 1246/2147/1396 321/2148/1396
f 298/1585/1397 1064/1584/1397 1867/2149/1397 1146/1844/1397
f 1064/1584/1398 300/1583/1398 1247/2150/1398 1867/2149/1398
f 1867/2149/1399 1247/2150/1399 384/2128/1399 1242/2136/1399
f 1146/1844/1400 1867/2149/1400 1242/2136/1400 318/1845/1400
f 385/2135/1401 1248/2151/1401 1868/2152/1401 1245/2146/1401
f 1248/2151/1402 301/1586/1402 1065/1589/1402 1868/2152/1402
f 1868/2152/1403 1065/1589/1403 299/1593/1403 1149/1849/1403
f 1245/2146/1404 1868/2152/1404 1149/1849/1404 319/1848/1404
f 300/1583/1405 1249/2153/1405 1869/2154/1405 1247/2150/1405
f 1249/2153/1406 344/1735/1406 1110/1734/1406 1869/2154/1406
f 1869/2154/1407 1110/1734/1407 342/1733/1407 1250/2155/1407
f 1247/2150/1408 1869/2154/1408 1250/2155/1408 384/2128/1408
f 343/1741/1409 1113/2156/1409 1870/2157/1409 1251/2158/1409
f 1113/2156/1410 345/2159/1410 1252/2160/1410 1870/2157/1410
f 1870/2157/1411 1252/2160/1411 301/1586/1411 1248/2151/1411
f 1251/2158/1412 1870/2157/1412 1248/2151/1412 385/2135/1412
f 342/1733/1413 1143/1836/1413 1871/2161/1413 1250/2162/1413
f 348/1814/1414 1235/2163/1414 1871/2161/1414 1143/1836/1414
f 384/2128/1415 1250/2155/1415 1871/2161/1415 1235/2164/1415
f 385/2135/1416 1240/2134/1416 1872/2165/1416 1251/2166/1416
f 349/1817/1417 1144/1839/1417 1872/2165/1417 1240/2167/1417
f 343/1741/1418 1251/2158/1418 1872/2165/1418 1144/2168/1418
f 300/1583/1419 1121/1774/1419 1873/2169/1419 1249/2170/1419
f 346/1763/1420 1118/2171/1420 1873/2169/1420 1121/1774/1420
f 344/2172/1421 1249/2173/1421 1873/2169/1421 1118/2174/1421
f 345/1737/1422 1119/2175/1422 1874/2176/1422 1252/2160/1422
f 347/1770/1423 1122/2177/1423 1874/2176/1423 1119/2178/1423
f 301/1586/1424 1252/2179/1424 1874/2176/1424 1122/2177/1424
f 314/1965/1425 1253/2180/1425 1875/2181/1425 1196/2182/1425
f 1253/2180/1426 322/2183/1426 1254/2184/1426 1875/2181/1426
f 1875/2181/1427 1254/2184/1427 380/2185/1427 1255/2186/1427
f 1196/2182/1428 1875/2181/1428 1255/2186/1428 378/1989/1428
f 381/2187/1429 1257/2188/1429 1876/2189/1429 1256/2190/1429
f 1257/2188/1430 323/2191/1430 1258/2192/1430 1876/2189/1430
f 1876/2189/1431 1258/2192/1431 315/1979/1431 1199/2193/1431
f 1256/2190/1432 1876/2189/1432 1199/2193/1432 379/1977/1432
f 316/1858/1433 1201/2194/1433 1877/2195/1433 1153/1859/1433
f 1201/2194/1434 378/1989/1434 1255/2196/1434 1877/2195/1434
f 1877/2195/1435 1255/2196/1435 380/2185/1435 1259/2197/1435
f 1153/1859/1436 1877/2195/1436 1259/2197/1436 324/1785/1436
f 381/2187/1437 1256/2198/1437 1878/2199/1437 1260/2200/1437
f 1256/2198/1438 379/1977/1438 1204/2201/1438 1878/2199/1438
f 1878/2199/1439 1204/2201/1439 317/1862/1439 1154/1860/1439
f 1260/2200/1440 1878/2199/1440 1154/1860/1440 325/1794/1440
f 320/2141/1441 1243/2140/1441 1879/2202/1441 1261/2203/1441
f 1243/2140/1442 386/2126/1442 1262/2204/1442 1879/2202/1442
f 1879/2202/1443 1262/2204/1443 380/2185/1443 1254/2205/1443
f 1261/2203/1444 1879/2202/1444 1254/2205/1444 322/2183/1444
f 381/2187/1445 1263/2206/1445 1880/2207/1445 1257/2188/1445
f 1263/2206/1446 387/2142/1446 1244/2145/1446 1880/2207/1446
f 1880/2207/1447 1244/2145/1447 321/2148/1447 1264/2208/1447
f 1257/2188/1448 1880/2207/1448 1264/2208/1448 323/2191/1448
f 350/2124/1449 1131/2209/1449 1881/2210/1449 1236/2125/1449
f 1131/2209/1450 352/2211/1450 1265/2212/1450 1881/2210/1450
f 1881/2210/1451 1265/2212/1451 380/2185/1451 1262/2204/1451
f 1236/2125/1452 1881/2210/1452 1262/2204/1452 386/2126/1452
f 381/2187/1453 1266/2213/1453 1882/2214/1453 1263/2206/1453
f 1266/2213/1454 353/2215/1454 1134/1806/1454 1882/2214/1454
f 1882/2214/1455 1134/1806/1455 351/2133/1455 1239/2130/1455
f 1263/2206/1456 1882/2214/1456 1239/2130/1456 387/2129/1456
f 324/2216/1457 1259/2197/1457 1883/2217/1457 1125/1786/1457
f 380/2185/1458 1265/2218/1458 1883/2217/1458 1259/2219/1458
f 352/2220/1459 1125/2221/1459 1883/2217/1459 1265/2212/1459
f 353/1790/1460 1266/2222/1460 1884/2223/1460 1128/2224/1460
f 381/2187/1461 1260/2200/1461 1884/2223/1461 1266/2222/1461
f 325/2225/1462 1128/2224/1462 1884/2223/1462 1260/2226/1462
f 400/2227/1463 1268/2228/1463 1885/2229/1463 1267/2230/1463
f 1268/2228/1464 388/2231/1464 1269/2232/1464 1885/2229/1464
f 1885/2229/1465 1269/2232/1465 414/2233/1465 1270/2234/1465
f 1267/2230/1466 1885/2229/1466 1270/2234/1466 402/2235/1466
f 415/2236/1467 1272/2237/1467 1886/2238/1467 1271/2239/1467
f 1272/2237/1468 389/2240/1468 1273/2241/1468 1886/2238/1468
f 1886/2238/1469 1273/2241/1469 401/2242/1469 1274/2243/1469
f 1271/2239/1470 1886/2238/1470 1274/2243/1470 403/2244/1470
f 400/2227/1471 1267/2230/1471 1887/2245/1471 1275/2246/1471
f 1267/2230/1472 402/2235/1472 1276/2247/1472 1887/2245/1472
f 1887/2245/1473 1276/2247/1473 404/2248/1473 1277/2249/1473
f 1275/2246/1474 1887/2245/1474 1277/2249/1474 398/2250/1474
f 405/2251/1475 1279/2252/1475 1888/2253/1475 1278/2254/1475
f 1279/2252/1476 403/2255/1476 1274/2256/1476 1888/2253/1476
f 1888/2253/1477 1274/2256/1477 401/2242/1477 1280/2257/1477
f 1278/2254/1478 1888/2253/1478 1280/2257/1478 399/2258/1478
f 398/2250/1479 1277/2249/1479 1889/2259/1479 1281/2260/1479
f 1277/2249/1480 404/2248/1480 1282/2261/1480 1889/2259/1480
f 1889/2259/1481 1282/2261/1481 406/2262/1481 1283/2263/1481
f 1281/2260/1482 1889/2259/1482 1283/2263/1482 396/2264/1482
f 407/2265/1483 1285/2266/1483 1890/2267/1483 1284/2268/1483
f 1285/2266/1484 405/2251/1484 1278/2254/1484 1890/2267/1484
f 1890/2267/1485 1278/2254/1485 399/2258/1485 1286/2269/1485
f 1284/2268/1486 1890/2267/1486 1286/2269/1486 397/2270/1486
f 396/2264/1487 1283/2263/1487 1891/2271/1487 1287/2272/1487
f 1283/2263/1488 406/2262/1488 1288/2273/1488 1891/2271/1488
f 1891/2271/1489 1288/2273/1489 408/2274/1489 1289/2275/1489
f 1287/2272/1490 1891/2271/1490 1289/2275/1490 394/2276/1490
f 409/2277/1491 1291/2278/1491 1892/2279/1491 1290/2280/1491
f 1291/2278/1492 407/2265/1492 1284/2268/1492 1892/2279/1492
f 1892/2279/1493 1284/2268/1493 397/2270/1493 1292/2281/1493
f 1290/2280/1494 1892/2279/1494 1292/2281/1494 395/2282/1494
f 394/2283/1495 1289/2284/1495 1893/2285/1495 1293/2286/1495
f 1289/2284/1496 408/2287/1496 1294/2288/1496 1893/2285/1496
f 1893/2285/1497 1294/2288/1497 410/2289/1497 1295/2290/1497
f 1293/2286/1498 1893/2285/1498 1295/2290/1498 392/2291/1498
f 411/2292/1499 1297/2293/1499 1894/2294/1499 1296/2295/1499
f 1297/2293/1500 409/2296/1500 1290/2297/1500 1894/2294/1500
f 1894/2294/1501 1290/2297/1501 395/2298/1501 1298/2299/1501
f 1296/2295/1502 1894/2294/1502 1298/2299/1502 393/2300/1502
f 392/2291/1503 1295/2290/1503 1895/2301/1503 1299/2302/1503
f 1295/2290/1504 410/2289/1504 1300/2303/1504 1895/2301/1504
f 1895/2301/1505 1300/2303/1505 412/2304/1505 1301/2305/1505
f 1299/2302/1506 1895/2301/1506 1301/2305/1506 390/2306/1506
f 413/2307/1507 1303/2308/1507 1896/2309/1507 1302/2310/1507
f 1303/2308/1508 411/2292/1508 1296/2295/1508 1896/2309/1508
f 1896/2309/1509 1296/2295/1509 393/2300/1509 1304/2311/1509
f 1302/2310/1510 1896/2309/1510 1304/2311/1510 391/2312/1510
f 410/2289/1511 1305/2313/1511 1897/2314/1511 1300/2303/1511
f 1305/2313/1512 420/2315/1512 1306/2316/1512 1897/2314/1512
f 1897/2314/1513 1306/2316/1513 418/2317/1513 1307/2318/1513
f 1300/2303/1514 1897/2314/1514 1307/2318/1514 412/2304/1514
f 419/2319/1515 1309/2320/1515 1898/2321/1515 1308/2322/1515
f 1309/2320/1516 421/2323/1516 1310/2324/1516 1898/2321/1516
f 1898/2321/1517 1310/2324/1517 411/2292/1517 1303/2308/1517
f 1308/2322/1518 1898/2321/1518 1303/2308/1518 413/2307/1518
f 408/2287/1519 1311/2325/1519 1899/2326/1519 1294/2288/1519
f 1311/2325/1520 422/2327/1520 1312/2328/1520 1899/2326/1520
f 1899/2326/1521 1312/2328/1521 420/2315/1521 1305/2313/1521
f 1294/2288/1522 1899/2326/1522 1305/2313/1522 410/2289/1522
f 421/2323/1523 1313/2329/1523 1900/2330/1523 1310/2324/1523
f 1313/2329/1524 423/2331/1524 1314/2332/1524 1900/2330/1524
f 1900/2330/1525 1314/2332/1525 409/2296/1525 1297/2293/1525
f 1310/2324/1526 1900/2330/1526 1297/2293/1526 411/2292/1526
f 406/2333/1527 1315/2334/1527 1901/2335/1527 1288/2336/1527
f 1315/2334/1528 424/2337/1528 1316/2338/1528 1901/2335/1528
f 1901/2335/1529 1316/2338/1529 422/2327/1529 1311/2325/1529
f 1288/2336/1530 1901/2335/1530 1311/2325/1530 408/2287/1530
f 423/2331/1531 1317/2339/1531 1902/2340/1531 1314/2332/1531
f 1317/2339/1532 425/2341/1532 1318/2342/1532 1902/2340/1532
f 1902/2340/1533 1318/2342/1533 407/2343/1533 1291/2344/1533
f 1314/2332/1534 1902/2340/1534 1291/2344/1534 409/2296/1534
f 404/2345/1535 1319/2346/1535 1903/2347/1535 1282/2348/1535
f 1319/2346/1536 426/2349/1536 1320/2350/1536 1903/2347/1536
f 1903/2347/1537 1320/2350/1537 424/2337/1537 1315/2334/1537
f 1282/2348/1538 1903/2347/1538 1315/2334/1538 406/2333/1538
f 425/2341/1539 1321/2351/1539 1904/2352/1539 1318/2342/1539
f 1321/2351/1540 427/2353/1540 1322/2354/1540 1904/2352/1540
f 1904/2352/1541 1322/2354/1541 405/2355/1541 1285/2356/1541
f 1318/2342/1542 1904/2352/1542 1285/2356/1542 407/2343/1542
f 402/2357/1543 1323/2358/1543 1905/2359/1543 1276/2360/1543
f 1323/2358/1544 428/2361/1544 1324/2362/1544 1905/2359/1544
f 1905/2359/1545 1324/2362/1545 426/2349/1545 1319/2346/1545
f 1276/2360/1546 1905/2359/1546 1319/2346/1546 404/2345/1546
f 427/2353/1547 1325/2363/1547 1906/2364/1547 1322/2354/1547
f 1325/2363/1548 429/2365/1548 1326/2366/1548 1906/2364/1548
f 1906/2364/1549 1326/2366/1549 403/2367/1549 1279/2252/1549
f 1322/2354/1550 1906/2364/1550 1279/2252/1550 405/2355/1550
f 402/2368/1551 1270/2369/1551 1907/2370/1551 1323/2371/1551
f 1270/2369/1552 414/2372/1552 1327/2373/1552 1907/2370/1552
f 1907/2370/1553 1327/2373/1553 416/2374/1553 1328/2375/1553
f 1323/2371/1554 1907/2370/1554 1328/2375/1554 428/2376/1554
f 417/2377/1555 1330/2378/1555 1908/2379/1555 1329/2380/1555
f 1330/2378/1556 415/2381/1556 1271/2382/1556 1908/2379/1556
f 1908/2379/1557 1271/2382/1557 403/2383/1557 1326/2384/1557
f 1329/2380/1558 1908/2379/1558 1326/2384/1558 429/2385/1558
f 318/1845/1559 1241/2386/1559 1909/2387/1559 1331/2388/1559
f 1241/2386/1560 320/2141/1560 1332/2389/1560 1909/2387/1560
f 1909/2387/1561 1332/2389/1561 444/2390/1561 1333/2391/1561
f 1331/2388/1562 1909/2387/1562 1333/2391/1562 442/2392/1562
f 445/2393/1563 1335/2394/1563 1910/2395/1563 1334/2396/1563
f 1335/2394/1564 321/2148/1564 1246/2147/1564 1910/2395/1564
f 1910/2395/1565 1246/2147/1565 319/1848/1565 1336/2397/1565
f 1334/2396/1566 1910/2395/1566 1336/2397/1566 443/2398/1566
f 320/2399/1567 1337/2400/1567 1911/2401/1567 1332/2402/1567
f 1337/2400/1568 390/2403/1568 1301/2404/1568 1911/2401/1568
f 1911/2401/1569 1301/2404/1569 412/2405/1569 1338/2406/1569
f 1332/2402/1570 1911/2401/1570 1338/2406/1570 444/2407/1570
f 413/2408/1571 1302/2409/1571 1912/2410/1571 1339/2411/1571
f 1302/2409/1572 391/2412/1572 1340/2413/1572 1912/2410/1572
f 1912/2410/1573 1340/2413/1573 321/2414/1573 1335/2415/1573
f 1339/2411/1574 1912/2410/1574 1335/2415/1574 445/2416/1574
f 310/1847/1575 1147/1846/1575 1913/2417/1575 1225/2418/1575
f 1147/1846/1576 318/1845/1576 1331/2388/1576 1913/2417/1576
f 1913/2417/1577 1331/2388/1577 442/2392/1577 1341/2419/1577
f 1225/2418/1578 1913/2417/1578 1341/2419/1578 312/2092/1578
f 443/2398/1579 1336/2397/1579 1914/2420/1579 1342/2421/1579
f 1336/2397/1580 319/1848/1580 1148/1851/1580 1914/2420/1580
f 1914/2420/1581 1148/1851/1581 311/1853/1581 1228/2422/1581
f 1342/2421/1582 1914/2420/1582 1228/2422/1582 313/2099/1582
f 382/2423/1583 1344/2424/1583 1915/2425/1583 1343/2426/1583
f 1344/2424/1584 430/2427/1584 1345/2428/1584 1915/2425/1584
f 1915/2425/1585 1345/2428/1585 414/2429/1585 1269/2430/1585
f 1343/2426/1586 1915/2425/1586 1269/2430/1586 388/2231/1586
f 415/2431/1587 1346/2432/1587 1916/2433/1587 1272/2434/1587
f 1346/2432/1588 431/2435/1588 1347/2436/1588 1916/2433/1588
f 1916/2433/1589 1347/2436/1589 383/2437/1589 1348/2438/1589
f 1272/2434/1590 1916/2433/1590 1348/2438/1590 389/2240/1590
f 412/2439/1591 1307/2440/1591 1917/2441/1591 1338/2442/1591
f 1307/2440/1592 418/2443/1592 1349/2444/1592 1917/2441/1592
f 1917/2441/1593 1349/2444/1593 440/2445/1593 1350/2446/1593
f 1338/2442/1594 1917/2441/1594 1350/2446/1594 444/2407/1594
f 441/2447/1595 1352/2448/1595 1918/2449/1595 1351/2450/1595
f 1352/2448/1596 419/2451/1596 1308/2452/1596 1918/2449/1596
f 1918/2449/1597 1308/2452/1597 413/2453/1597 1339/2454/1597
f 1351/2450/1598 1918/2449/1598 1339/2454/1598 445/2416/1598
f 438/2455/1599 1354/2456/1599 1919/2457/1599 1353/2458/1599
f 1354/2456/1600 446/2459/1600 1355/2460/1600 1919/2457/1600
f 1919/2457/1601 1355/2460/1601 444/2407/1601 1350/2461/1601
f 1353/2458/1602 1919/2457/1602 1350/2461/1602 440/2462/1602
f 445/2416/1603 1356/2463/1603 1920/2464/1603 1351/2465/1603
f 1356/2463/1604 447/2466/1604 1357/2467/1604 1920/2464/1604
f 1920/2464/1605 1357/2467/1605 439/2468/1605 1358/2469/1605
f 1351/2465/1606 1920/2464/1606 1358/2469/1606 441/2470/1606
f 434/2471/1607 1360/2472/1607 1921/2473/1607 1359/2474/1607
f 1360/2472/1608 446/2459/1608 1354/2475/1608 1921/2473/1608
f 1921/2473/1609 1354/2475/1609 438/2476/1609 1361/2477/1609
f 1359/2474/1610 1921/2473/1610 1361/2477/1610 436/2478/1610
f 439/2479/1611 1357/2480/1611 1922/2481/1611 1362/2482/1611
f 1357/2480/1612 447/2466/1612 1363/2483/1612 1922/2481/1612
f 1922/2481/1613 1363/2483/1613 435/2484/1613 1364/2485/1613
f 1362/2482/1614 1922/2481/1614 1364/2485/1614 437/2486/1614
f 432/2487/1615 1366/2488/1615 1923/2489/1615 1365/2490/1615
f 1366/2488/1616 448/2491/1616 1367/2492/1616 1923/2489/1616
f 1923/2489/1617 1367/2492/1617 446/2459/1617 1360/2472/1617
f 1365/2490/1618 1923/2489/1618 1360/2472/1618 434/2471/1618
f 447/2466/1619 1368/2493/1619 1924/2494/1619 1363/2483/1619
f 1368/2493/1620 449/2495/1620 1369/2496/1620 1924/2494/1620
f 1924/2494/1621 1369/2496/1621 433/2497/1621 1370/2498/1621
f 1363/2483/1622 1924/2494/1622 1370/2498/1622 435/2484/1622
f 430/2427/1623 1372/2499/1623 1925/2500/1623 1371/2501/1623
f 1372/2499/1624 448/2491/1624 1366/2502/1624 1925/2500/1624
f 1925/2500/1625 1366/2502/1625 432/2487/1625 1373/2503/1625
f 1371/2501/1626 1925/2500/1626 1373/2503/1626 450/2504/1626
f 433/2505/1627 1369/2506/1627 1926/2507/1627 1374/2508/1627
f 1369/2506/1628 449/2495/1628 1375/2509/1628 1926/2507/1628
f 1926/2507/1629 1375/2509/1629 431/2435/1629 1376/2510/1629
f 1374/2508/1630 1926/2507/1630 1376/2510/1630 451/2511/1630
f 414/2233/1631 1345/2428/1631 1927/2512/1631 1327/2513/1631
f 1345/2428/1632 430/2427/1632 1371/2501/1632 1927/2512/1632
f 1927/2512/1633 1371/2501/1633 450/2504/1633 1377/2514/1633
f 1327/2513/1634 1927/2512/1634 1377/2514/1634 416/2374/1634
f 451/2511/1635 1376/2510/1635 1928/2515/1635 1378/2516/1635
f 1376/2510/1636 431/2435/1636 1346/2432/1636 1928/2515/1636
f 1928/2515/1637 1346/2432/1637 415/2236/1637 1330/2517/1637
f 1378/2516/1638 1928/2515/1638 1330/2517/1638 417/2518/1638
f 312/2092/1639 1379/2519/1639 1929/2520/1639 1229/2521/1639
f 1379/2519/1640 448/2522/1640 1372/2523/1640 1929/2520/1640
f 1929/2520/1641 1372/2523/1641 430/2524/1641 1344/2525/1641
f 1229/2521/1642 1929/2520/1642 1344/2525/1642 382/2106/1642
f 431/2526/1643 1375/2527/1643 1930/2528/1643 1347/2529/1643
f 1375/2527/1644 449/2530/1644 1380/2531/1644 1930/2528/1644
f 1930/2528/1645 1380/2531/1645 313/2099/1645 1232/2532/1645
f 1347/2529/1646 1930/2528/1646 1232/2532/1646 383/2111/1646
f 312/2092/1647 1341/2419/1647 1931/2533/1647 1379/2534/1647
f 1341/2419/1648 442/2392/1648 1381/2535/1648 1931/2533/1648
f 1931/2533/1649 1381/2535/1649 446/2536/1649 1367/2537/1649
f 1379/2534/1650 1931/2533/1650 1367/2537/1650 448/2522/1650
f 447/2538/1651 1382/2539/1651 1932/2540/1651 1368/2541/1651
f 1382/2539/1652 443/2398/1652 1342/2421/1652 1932/2540/1652
f 1932/2540/1653 1342/2421/1653 313/2099/1653 1380/2542/1653
f 1368/2541/1654 1932/2540/1654 1380/2542/1654 449/2530/1654
f 442/2543/1655 1333/2391/1655 1933/2544/1655 1381/2535/1655
f 444/2390/1656 1355/2545/1656 1933/2544/1656 1333/2546/1656
f 446/2536/1657 1381/2547/1657 1933/2544/1657 1355/2548/1657
f 447/2538/1658 1356/2549/1658 1934/2550/1658 1382/2551/1658
f 445/2393/1659 1334/2552/1659 1934/2550/1659 1356/2553/1659
f 443/2554/1660 1382/2555/1660 1934/2550/1660 1334/2552/1660
f 416/2374/1661 1377/2556/1661 1935/2557/1661 1383/2558/1661
f 1377/2556/1662 450/2559/1662 1384/2560/1662 1935/2557/1662
f 1935/2557/1663 1384/2560/1663 452/2561/1663 1385/2562/1663
f 1383/2558/1664 1935/2557/1664 1385/2562/1664 476/2563/1664
f 453/2564/1665 1387/2565/1665 1936/2566/1665 1386/2567/1665
f 1387/2565/1666 451/2568/1666 1378/2569/1666 1936/2566/1666
f 1936/2566/1667 1378/2569/1667 417/2377/1667 1388/2570/1667
f 1386/2567/1668 1936/2566/1668 1388/2570/1668 477/2571/1668
f 450/2559/1669 1373/2503/1669 1937/2572/1669 1384/2560/1669
f 1373/2503/1670 432/2487/1670 1389/2573/1670 1937/2572/1670
f 1937/2572/1671 1389/2573/1671 462/2574/1671 1390/2575/1671
f 1384/2560/1672 1937/2572/1672 1390/2575/1672 452/2561/1672
f 463/2576/1673 1392/2577/1673 1938/2578/1673 1391/2579/1673
f 1392/2577/1674 433/2580/1674 1374/2508/1674 1938/2578/1674
f 1938/2578/1675 1374/2508/1675 451/2568/1675 1387/2565/1675
f 1391/2579/1676 1938/2578/1676 1387/2565/1676 453/2564/1676
f 432/2487/1677 1365/2581/1677 1939/2582/1677 1389/2583/1677
f 1365/2581/1678 434/2584/1678 1393/2585/1678 1939/2582/1678
f 1939/2582/1679 1393/2585/1679 460/2586/1679 1394/2587/1679
f 1389/2583/1680 1939/2582/1680 1394/2587/1680 462/2588/1680
f 461/2589/1681 1396/2590/1681 1940/2591/1681 1395/2592/1681
f 1396/2590/1682 435/2484/1682 1370/2593/1682 1940/2591/1682
f 1940/2591/1683 1370/2593/1683 433/2505/1683 1392/2594/1683
f 1395/2592/1684 1940/2591/1684 1392/2594/1684 463/2595/1684
f 434/2584/1685 1359/2596/1685 1941/2597/1685 1393/2585/1685
f 1359/2596/1686 436/2478/1686 1397/2598/1686 1941/2597/1686
f 1941/2597/1687 1397/2598/1687 458/2599/1687 1398/2600/1687
f 1393/2585/1688 1941/2597/1688 1398/2600/1688 460/2586/1688
f 459/2601/1689 1400/2602/1689 1942/2603/1689 1399/2604/1689
f 1400/2602/1690 437/2486/1690 1364/2605/1690 1942/2603/1690
f 1942/2603/1691 1364/2605/1691 435/2484/1691 1396/2590/1691
f 1399/2604/1692 1942/2603/1692 1396/2590/1692 461/2589/1692
f 436/2478/1693 1361/2477/1693 1943/2606/1693 1397/2598/1693
f 1361/2477/1694 438/2476/1694 1401/2607/1694 1943/2606/1694
f 1943/2606/1695 1401/2607/1695 456/2608/1695 1402/2609/1695
f 1397/2598/1696 1943/2606/1696 1402/2609/1696 458/2599/1696
f 457/2610/1697 1404/2611/1697 1944/2612/1697 1403/2613/1697
f 1404/2611/1698 439/2479/1698 1362/2482/1698 1944/2612/1698
f 1944/2612/1699 1362/2482/1699 437/2486/1699 1400/2602/1699
f 1403/2613/1700 1944/2612/1700 1400/2602/1700 459/2601/1700
f 438/2476/1701 1353/2614/1701 1945/2615/1701 1401/2607/1701
f 1353/2614/1702 440/2616/1702 1405/2617/1702 1945/2615/1702
f 1945/2615/1703 1405/2617/1703 454/2618/1703 1406/2619/1703
f 1401/2607/1704 1945/2615/1704 1406/2619/1704 456/2608/1704
f 455/2620/1705 1408/2621/1705 1946/2622/1705 1407/2623/1705
f 1408/2621/1706 441/2447/1706 1358/2624/1706 1946/2622/1706
f 1946/2622/1707 1358/2624/1707 439/2479/1707 1404/2611/1707
f 1407/2623/1708 1946/2622/1708 1404/2611/1708 457/2610/1708
f 440/2616/1709 1349/2444/1709 1947/2625/1709 1405/2617/1709
f 1349/2444/1710 418/2443/1710 1409/2626/1710 1947/2625/1710
f 1947/2625/1711 1409/2626/1711 474/2627/1711 1410/2628/1711
f 1405/2617/1712 1947/2625/1712 1410/2628/1712 454/2618/1712
f 475/2629/1713 1412/2630/1713 1948/2631/1713 1411/2632/1713
f 1412/2630/1714 419/2319/1714 1352/2448/1714 1948/2631/1714
f 1948/2631/1715 1352/2448/1715 441/2447/1715 1408/2621/1715
f 1411/2632/1716 1948/2631/1716 1408/2621/1716 455/2620/1716
f 428/2633/1717 1328/2634/1717 1949/2635/1717 1413/2636/1717
f 1328/2634/1718 416/2374/1718 1383/2637/1718 1949/2635/1718
f 1949/2635/1719 1383/2637/1719 476/2638/1719 1414/2639/1719
f 1413/2636/1720 1949/2635/1720 1414/2639/1720 464/2640/1720
f 477/2641/1721 1388/2642/1721 1950/2643/1721 1415/2644/1721
f 1388/2642/1722 417/2518/1722 1329/2645/1722 1950/2643/1722
f 1950/2643/1723 1329/2645/1723 429/2365/1723 1416/2646/1723
f 1415/2644/1724 1950/2643/1724 1416/2646/1724 465/2647/1724
f 426/2648/1725 1324/2649/1725 1951/2650/1725 1417/2651/1725
f 1324/2649/1726 428/2633/1726 1413/2636/1726 1951/2650/1726
f 1951/2650/1727 1413/2636/1727 464/2640/1727 1418/2652/1727
f 1417/2651/1728 1951/2650/1728 1418/2652/1728 466/2653/1728
f 465/2647/1729 1416/2646/1729 1952/2654/1729 1419/2655/1729
f 1416/2646/1730 429/2365/1730 1325/2656/1730 1952/2654/1730
f 1952/2654/1731 1325/2656/1731 427/2657/1731 1420/2658/1731
f 1419/2655/1732 1952/2654/1732 1420/2658/1732 467/2659/1732
f 424/2660/1733 1320/2661/1733 1953/2662/1733 1421/2663/1733
f 1320/2661/1734 426/2648/1734 1417/2651/1734 1953/2662/1734
f 1953/2662/1735 1417/2651/1735 466/2653/1735 1422/2664/1735
f 1421/2663/1736 1953/2662/1736 1422/2664/1736 468/2665/1736
f 467/2659/1737 1420/2658/1737 1954/2666/1737 1423/2667/1737
f 1420/2658/1738 427/2657/1738 1321/2668/1738 1954/2666/1738
f 1954/2666/1739 1321/2668/1739 425/2341/1739 1424/2669/1739
f 1423/2667/1740 1954/2666/1740 1424/2669/1740 469/2670/1740
f 422/2671/1741 1316/2338/1741 1955/2672/1741 1425/2673/1741
f 1316/2338/1742 424/2674/1742 1421/2675/1742 1955/2672/1742
f 1955/2672/1743 1421/2675/1743 468/2676/1743 1426/2677/1743
f 1425/2673/1744 1955/2672/1744 1426/2677/1744 470/2678/1744
f 469/2679/1745 1424/2680/1745 1956/2681/1745 1427/2682/1745
f 1424/2680/1746 425/2341/1746 1317/2339/1746 1956/2681/1746
f 1956/2681/1747 1317/2339/1747 423/2331/1747 1428/2683/1747
f 1427/2682/1748 1956/2681/1748 1428/2683/1748 471/2684/1748
f 420/2685/1749 1312/2686/1749 1957/2687/1749 1429/2688/1749
f 1312/2686/1750 422/2671/1750 1425/2673/1750 1957/2687/1750
f 1957/2687/1751 1425/2673/1751 470/2678/1751 1430/2689/1751
f 1429/2688/1752 1957/2687/1752 1430/2689/1752 472/2690/1752
f 471/2684/1753 1428/2683/1753 1958/2691/1753 1431/2692/1753
f 1428/2683/1754 423/2331/1754 1313/2693/1754 1958/2691/1754
f 1958/2691/1755 1313/2693/1755 421/2694/1755 1432/2695/1755
f 1431/2692/1756 1958/2691/1756 1432/2695/1756 473/2696/1756
f 418/2317/1757 1306/2697/1757 1959/2698/1757 1409/2626/1757
f 1306/2697/1758 420/2685/1758 1429/2688/1758 1959/2698/1758
f 1959/2698/1759 1429/2688/1759 472/2690/1759 1433/2699/1759
f 1409/2626/1760 1959/2698/1760 1433/2699/1760 474/2700/1760
f 473/2696/1761 1432/2695/1761 1960/2701/1761 1434/2702/1761
f 1432/2695/1762 421/2694/1762 1309/2703/1762 1960/2701/1762
f 1960/2701/1763 1309/2703/1763 419/2319/1763 1412/2704/1763
f 1434/2702/1764 1960/2701/1764 1412/2704/1764 475/2705/1764
f 458/2706/1765 1402/2707/1765 1961/2708/1765 1435/2709/1765
f 1402/2707/1766 456/2710/1766 1436/2711/1766 1961/2708/1766
f 1961/2708/1767 1436/2711/1767 480/2712/1767 1437/2713/1767
f 1435/2709/1768 1961/2708/1768 1437/2713/1768 478/2714/1768
f 481/2715/1769 1439/2716/1769 1962/2717/1769 1438/2718/1769
f 1439/2716/1770 457/2719/1770 1403/2720/1770 1962/2717/1770
f 1962/2717/1771 1403/2720/1771 459/2721/1771 1440/2722/1771
f 1438/2718/1772 1962/2717/1772 1440/2722/1772 479/2723/1772
f 478/2714/1773 1437/2713/1773 1963/2724/1773 1441/2725/1773
f 1437/2713/1774 480/2712/1774 1442/2726/1774 1963/2724/1774
f 1963/2724/1775 1442/2726/1775 482/2727/1775 1443/2728/1775
f 1441/2725/1776 1963/2724/1776 1443/2728/1776 484/2729/1776
f 483/2730/1777 1445/2731/1777 1964/2732/1777 1444/2733/1777
f 1445/2731/1778 481/2715/1778 1438/2718/1778 1964/2732/1778
f 1964/2732/1779 1438/2718/1779 479/2723/1779 1446/2734/1779
f 1444/2733/1780 1964/2732/1780 1446/2734/1780 485/2735/1780
f 484/2729/1781 1443/2728/1781 1965/2736/1781 1447/2737/1781
f 1443/2728/1782 482/2727/1782 1448/2738/1782 1965/2736/1782
f 1965/2736/1783 1448/2738/1783 488/2739/1783 1449/2740/1783
f 1447/2737/1784 1965/2736/1784 1449/2740/1784 486/2741/1784
f 489/2742/1785 1451/2743/1785 1966/2744/1785 1450/2745/1785
f 1451/2743/1786 483/2730/1786 1444/2733/1786 1966/2744/1786
f 1966/2744/1787 1444/2733/1787 485/2735/1787 1452/2746/1787
f 1450/2745/1788 1966/2744/1788 1452/2746/1788 487/2747/1788
f 486/2748/1789 1449/2749/1789 1967/2750/1789 1453/2751/1789
f 1449/2749/1790 488/2752/1790 1454/2753/1790 1967/2750/1790
f 1967/2750/1791 1454/2753/1791 490/2754/1791 1455/2755/1791
f 1453/2751/1792 1967/2750/1792 1455/2755/1792 492/2756/1792
f 491/2757/1793 1457/2758/1793 1968/2759/1793 1456/2760/1793
f 1457/2758/1794 489/2742/1794 1450/2761/1794 1968/2759/1794
f 1968/2759/1795 1450/2761/1795 487/2762/1795 1458/2763/1795
f 1456/2760/1796 1968/2759/1796 1458/2763/1796 493/2764/1796
f 464/2640/1797 1414/2639/1797 1969/2765/1797 1459/2766/1797
f 1414/2639/1798 476/2638/1798 1460/2767/1798 1969/2765/1798
f 1969/2765/1799 1460/2767/1799 486/2768/1799 1453/2769/1799
f 1459/2766/1800 1969/2765/1800 1453/2769/1800 492/2756/1800
f 487/2747/1801 1461/2770/1801 1970/2771/1801 1458/2772/1801
f 1461/2770/1802 477/2641/1802 1415/2644/1802 1970/2771/1802
f 1970/2771/1803 1415/2644/1803 465/2647/1803 1462/2773/1803
f 1458/2772/1804 1970/2771/1804 1462/2773/1804 493/2774/1804
f 452/2775/1805 1463/2776/1805 1971/2777/1805 1385/2778/1805
f 1463/2776/1806 484/2729/1806 1447/2737/1806 1971/2777/1806
f 1971/2777/1807 1447/2737/1807 486/2741/1807 1460/2779/1807
f 1385/2778/1808 1971/2777/1808 1460/2779/1808 476/2780/1808
f 487/2747/1809 1452/2746/1809 1972/2781/1809 1461/2782/1809
f 1452/2746/1810 485/2735/1810 1464/2783/1810 1972/2781/1810
f 1972/2781/1811 1464/2783/1811 453/2784/1811 1386/2785/1811
f 1461/2782/1812 1972/2781/1812 1386/2785/1812 477/2571/1812
f 452/2561/1813 1390/2575/1813 1973/2786/1813 1463/2787/1813
f 1390/2575/1814 462/2574/1814 1465/2788/1814 1973/2786/1814
f 1973/2786/1815 1465/2788/1815 478/2789/1815 1441/2790/1815
f 1463/2787/1816 1973/2786/1816 1441/2790/1816 484/2791/1816
f 479/2723/1817 1466/2792/1817 1974/2793/1817 1446/2794/1817
f 1466/2792/1818 463/2576/1818 1391/2579/1818 1974/2793/1818
f 1974/2793/1819 1391/2579/1819 453/2564/1819 1464/2795/1819
f 1446/2794/1820 1974/2793/1820 1464/2795/1820 485/2735/1820
f 458/2796/1821 1435/2797/1821 1975/2798/1821 1398/2799/1821
f 1435/2797/1822 478/2800/1822 1465/2801/1822 1975/2798/1822
f 1975/2798/1823 1465/2801/1823 462/2574/1823 1394/2802/1823
f 1398/2799/1824 1975/2798/1824 1394/2802/1824 460/2586/1824
f 463/2803/1825 1466/2804/1825 1976/2805/1825 1395/2806/1825
f 1466/2804/1826 479/2723/1826 1440/2807/1826 1976/2805/1826
f 1976/2805/1827 1440/2807/1827 459/2808/1827 1399/2809/1827
f 1395/2806/1828 1976/2805/1828 1399/2809/1828 461/2589/1828
f 454/2618/1829 1410/2628/1829 1977/2810/1829 1406/2811/1829
f 1410/2628/1830 474/2627/1830 1467/2812/1830 1977/2810/1830
f 1977/2810/1831 1467/2812/1831 480/2813/1831 1436/2814/1831
f 1406/2811/1832 1977/2810/1832 1436/2814/1832 456/2608/1832
f 481/2815/1833 1468/2816/1833 1978/2817/1833 1439/2818/1833
f 1468/2816/1834 475/2629/1834 1411/2632/1834 1978/2817/1834
f 1978/2817/1835 1411/2632/1835 455/2620/1835 1407/2819/1835
f 1439/2818/1836 1978/2817/1836 1407/2819/1836 457/2610/1836
f 472/2820/1837 1469/2821/1837 1979/2822/1837 1433/2823/1837
f 1469/2821/1838 482/2824/1838 1442/2825/1838 1979/2822/1838
f 1979/2822/1839 1442/2825/1839 480/2813/1839 1467/2826/1839
f 1433/2823/1840 1979/2822/1840 1467/2826/1840 474/2827/1840
f 481/2828/1841 1445/2731/1841 1980/2829/1841 1468/2830/1841
f 1445/2731/1842 483/2730/1842 1470/2831/1842 1980/2829/1842
f 1980/2829/1843 1470/2831/1843 473/2832/1843 1434/2833/1843
f 1468/2830/1844 1980/2829/1844 1434/2833/1844 475/2834/1844
f 470/2835/1845 1471/2836/1845 1981/2837/1845 1430/2838/1845
f 1471/2836/1846 488/2739/1846 1448/2839/1846 1981/2837/1846
f 1981/2837/1847 1448/2839/1847 482/2824/1847 1469/2821/1847
f 1430/2838/1848 1981/2837/1848 1469/2821/1848 472/2820/1848
f 483/2730/1849 1451/2840/1849 1982/2841/1849 1470/2831/1849
f 1451/2840/1850 489/2842/1850 1472/2843/1850 1982/2841/1850
f 1982/2841/1851 1472/2843/1851 471/2844/1851 1431/2845/1851
f 1470/2831/1852 1982/2841/1852 1431/2845/1852 473/2832/1852
f 468/2846/1853 1473/2847/1853 1983/2848/1853 1426/2849/1853
f 1473/2847/1854 490/2754/1854 1454/2850/1854 1983/2848/1854
f 1983/2848/1855 1454/2850/1855 488/2739/1855 1471/2851/1855
f 1426/2849/1856 1983/2848/1856 1471/2851/1856 470/2835/1856
f 489/2842/1857 1457/2852/1857 1984/2853/1857 1472/2854/1857
f 1457/2852/1858 491/2757/1858 1474/2855/1858 1984/2853/1858
f 1984/2853/1859 1474/2855/1859 469/2856/1859 1427/2682/1859
f 1472/2854/1860 1984/2853/1860 1427/2682/1860 471/2857/1860
f 466/2858/1861 1475/2859/1861 1985/2860/1861 1422/2861/1861
f 1475/2859/1862 492/2756/1862 1455/2755/1862 1985/2860/1862
f 1985/2860/1863 1455/2755/1863 490/2754/1863 1473/2847/1863
f 1422/2861/1864 1985/2860/1864 1473/2847/1864 468/2846/1864
f 491/2757/1865 1456/2760/1865 1986/2862/1865 1474/2855/1865
f 1456/2760/1866 493/2774/1866 1476/2863/1866 1986/2862/1866
f 1986/2862/1867 1476/2863/1867 467/2659/1867 1423/2667/1867
f 1474/2855/1868 1986/2862/1868 1423/2667/1868 469/2856/1868
f 464/2640/1869 1459/2864/1869 1987/2865/1869 1418/2866/1869
f 492/2867/1870 1475/2868/1870 1987/2865/1870 1459/2869/1870
f 466/2870/1871 1418/2866/1871 1987/2865/1871 1475/2871/1871
f 467/2872/1872 1476/2873/1872 1988/2874/1872 1419/2875/1872
f 493/2876/1873 1462/2877/1873 1988/2874/1873 1476/2878/1873
f 465/2879/1874 1419/2875/1874 1988/2874/1874 1462/2880/1874
f 392/2881/1875 1299/2882/1875 1989/2883/1875 1477/2884/1875
f 1299/2882/1876 390/2403/1876 1478/2885/1876 1989/2883/1876
f 1989/2883/1877 1478/2885/1877 504/2886/1877 1479/2887/1877
f 1477/2884/1878 1989/2883/1878 1479/2887/1878 502/2888/1878
f 505/2889/1879 1481/2890/1879 1990/2891/1879 1480/2892/1879
f 1481/2890/1880 391/2893/1880 1304/2311/1880 1990/2891/1880
f 1990/2891/1881 1304/2311/1881 393/2894/1881 1482/2895/1881
f 1480/2892/1882 1990/2891/1882 1482/2895/1882 503/2896/1882
f 394/2276/1883 1293/2286/1883 1991/2897/1883 1483/2898/1883
f 1293/2286/1884 392/2881/1884 1477/2899/1884 1991/2897/1884
f 1991/2897/1885 1477/2899/1885 502/2900/1885 1484/2901/1885
f 1483/2898/1886 1991/2897/1886 1484/2901/1886 500/2902/1886
f 503/2903/1887 1482/2904/1887 1992/2905/1887 1485/2906/1887
f 1482/2904/1888 393/2894/1888 1298/2907/1888 1992/2905/1888
f 1992/2905/1889 1298/2907/1889 395/2282/1889 1486/2908/1889
f 1485/2906/1890 1992/2905/1890 1486/2908/1890 501/2909/1890
f 396/2264/1891 1287/2910/1891 1993/2911/1891 1487/2912/1891
f 1287/2910/1892 394/2276/1892 1483/2898/1892 1993/2911/1892
f 1993/2911/1893 1483/2898/1893 500/2902/1893 1488/2913/1893
f 1487/2912/1894 1993/2911/1894 1488/2913/1894 498/2914/1894
f 501/2909/1895 1486/2908/1895 1994/2915/1895 1489/2916/1895
f 1486/2908/1896 395/2282/1896 1292/2917/1896 1994/2915/1896
f 1994/2915/1897 1292/2917/1897 397/2270/1897 1490/2918/1897
f 1489/2916/1898 1994/2915/1898 1490/2918/1898 499/2919/1898
f 398/2920/1899 1281/2921/1899 1995/2922/1899 1491/2923/1899
f 1281/2921/1900 396/2264/1900 1487/2912/1900 1995/2922/1900
f 1995/2922/1901 1487/2912/1901 498/2914/1901 1492/2924/1901
f 1491/2923/1902 1995/2922/1902 1492/2924/1902 496/2925/1902
f 499/2919/1903 1490/2918/1903 1996/2926/1903 1493/2927/1903
f 1490/2918/1904 397/2270/1904 1286/2928/1904 1996/2926/1904
f 1996/2926/1905 1286/2928/1905 399/2929/1905 1494/2930/1905
f 1493/2927/1906 1996/2926/1906 1494/2930/1906 497/2931/1906
f 400/2932/1907 1275/2933/1907 1997/2934/1907 1495/2935/1907
f 1275/2933/1908 398/2920/1908 1491/2923/1908 1997/2934/1908
f 1997/2934/1909 1491/2923/1909 496/2925/1909 1496/2936/1909
f 1495/2935/1910 1997/2934/1910 1496/2936/1910 494/2937/1910
f 497/2931/1911 1494/2930/1911 1998/2938/1911 1497/2939/1911
f 1494/2930/1912 399/2929/1912 1280/2940/1912 1998/2938/1912
f 1998/2938/1913 1280/2940/1913 401/2941/1913 1498/2942/1913
f 1497/2939/1914 1998/2938/1914 1498/2942/1914 495/2943/1914
f 388/2944/1915 1268/2945/1915 1999/2946/1915 1499/2947/1915
f 1268/2945/1916 400/2932/1916 1495/2935/1916 1999/2946/1916
f 1999/2946/1917 1495/2935/1917 494/2937/1917 1500/2948/1917
f 1499/2947/1918 1999/2946/1918 1500/2948/1918 506/2949/1918
f 495/2943/1919 1498/2942/1919 2000/2950/1919 1501/2951/1919
f 1498/2942/1920 401/2941/1920 1273/2952/1920 2000/2950/1920
f 2000/2950/1921 1273/2952/1921 389/2953/1921 1502/2954/1921
f 1501/2951/1922 2000/2950/1922 1502/2954/1922 507/2955/1922
f 494/2937/1923 1503/2956/1923 2001/2957/1923 1500/2958/1923
f 1503/2956/1924 502/2959/1924 1479/2960/1924 2001/2957/1924
f 2001/2957/1925 1479/2960/1925 504/2961/1925 1504/2962/1925
f 1500/2958/1926 2001/2957/1926 1504/2962/1926 506/2963/1926
f 505/2964/1927 1480/2965/1927 2002/2966/1927 1505/2967/1927
f 1480/2965/1928 503/2968/1928 1506/2969/1928 2002/2966/1928
f 2002/2966/1929 1506/2969/1929 495/2970/1929 1501/2951/1929
f 1505/2967/1930 2002/2966/1930 1501/2951/1930 507/2971/1930
f 494/2937/1931 1496/2936/1931 2003/2972/1931 1503/2973/1931
f 1496/2936/1932 496/2925/1932 1507/2974/1932 2003/2972/1932
f 2003/2972/1933 1507/2974/1933 500/2902/1933 1484/2901/1933
f 1503/2973/1934 2003/2972/1934 1484/2901/1934 502/2975/1934
f 501/2976/1935 1508/2977/1935 2004/2978/1935 1485/2979/1935
f 1508/2977/1936 497/2931/1936 1497/2939/1936 2004/2978/1936
f 2004/2978/1937 1497/2939/1937 495/2943/1937 1506/2969/1937
f 1485/2979/1938 2004/2978/1938 1506/2969/1938 503/2980/1938
f 496/2981/1939 1492/2924/1939 2005/2982/1939 1507/2983/1939
f 498/2914/1940 1488/2984/1940 2005/2982/1940 1492/2985/1940
f 500/2986/1941 1507/2983/1941 2005/2982/1941 1488/2987/1941
f 501/2988/1942 1489/2989/1942 2006/2990/1942 1508/2991/1942
f 499/2919/1943 1493/2992/1943 2006/2990/1943 1489/2993/1943
f 497/2994/1944 1508/2977/1944 2006/2990/1944 1493/2995/1944
f 314/2996/1945 1233/2997/1945 2007/2998/1945 1509/2999/1945
f 1233/2997/1946 382/3000/1946 1343/3001/1946 2007/2998/1946
f 2007/2998/1947 1343/3001/1947 388/2944/1947 1499/3002/1947
f 1509/2999/1948 2007/2998/1948 1499/3002/1948 506/2963/1948
f 389/2953/1949 1348/3003/1949 2008/3004/1949 1502/3005/1949
f 1348/3003/1950 383/3006/1950 1234/3007/1950 2008/3004/1950
f 2008/3004/1951 1234/3007/1951 315/3008/1951 1510/3009/1951
f 1502/3005/1952 2008/3004/1952 1510/3009/1952 507/3010/1952
f 314/2996/1953 1509/3011/1953 2009/3012/1953 1253/3013/1953
f 1509/3011/1954 506/2949/1954 1504/2962/1954 2009/3012/1954
f 2009/3012/1955 1504/2962/1955 504/3014/1955 1511/3015/1955
f 1253/3013/1956 2009/3012/1956 1511/3015/1956 322/3016/1956
f 505/3017/1957 1505/3018/1957 2010/3019/1957 1512/3020/1957
f 1505/3018/1958 507/2955/1958 1510/3021/1958 2010/3019/1958
f 2010/3019/1959 1510/3021/1959 315/3008/1959 1258/3022/1959
f 1512/3020/1960 2010/3019/1960 1258/3022/1960 323/3023/1960
f 320/2399/1961 1261/3024/1961 2011/3025/1961 1337/3026/1961
f 1261/3024/1962 322/3016/1962 1511/3015/1962 2011/3025/1962
f 2011/3025/1963 1511/3015/1963 504/2961/1963 1478/3027/1963
f 1337/3026/1964 2011/3025/1964 1478/3027/1964 390/2403/1964
f 505/3028/1965 1512/3029/1965 2012/3030/1965 1481/3031/1965
f 1512/3029/1966 323/3023/1966 1264/3032/1966 2012/3030/1966
f 2012/3030/1967 1264/3032/1967 321/2414/1967 1340/3033/1967
f 1481/3031/1968 2012/3030/1968 1340/3033/1968 391/2412/1968
